Workbook

Sheet Batch Enrollment (Metabase)
A1: Batch | B1: Base Batch | C1: GEM Status | D1: Batch Start Date | E1: Initially Enrolled | F1: Currently Enrolled | G1: Refund Requested | H1: Course Cancellation | I1: Deferred | K1: Source: Metabase (Newton School DB). GEM/Non-GEM split from technologies_label ids 728/729. Refreshed: 2026-09-24.
A2: Professional Certificate Course In Data Science - April 2023 | B2: Professional Certificate Course In Data Science - April 2023 | D2: 45025.833 | E2: 72 | F2: 30 | G2: 5 | H2: 25 | I2: 12
A3: Professional Certificate Course In Data Science - May 2023 | B3: Professional Certificate Course In Data Science - May 2023 | D3: 45056.833 | E3: 113 | F3: 51 | G3: 7 | H3: 37 | I3: 18
A4: Professional Certificate Course In Data Science - June 2023 | B4: Professional Certificate Course In Data Science - June 2023 | D4: 45087.833 | E4: 120 | F4: 57 | G4: 5 | H4: 40 | I4: 18
A5: Professional Certificate Course In Data Science - July 2023 | B5: Professional Certificate Course In Data Science - July 2023 | D5: 45119.833 | E5: 119 | F5: 60 | G5: 6 | H5: 38 | I5: 15
A6: Professional Certificate Course In Data Science - July 2023 - August 2023 | B6: Professional Certificate Course In Data Science - July 2023 - August 2023 | D6: 45119.833 | E6: 2 | F6: 0 | G6: 0 | H6: 1 | I6: 1
A7: Professional Certificate Course In Data Science - August 2023 | B7: Professional Certificate Course In Data Science - August 2023 | D7: 45150.833 | E7: 124 | F7: 54 | G7: 13 | H7: 45 | I7: 12
A8: Professional Certificate Course In Data Science - September 2023 | B8: Professional Certificate Course In Data Science - September 2023 | D8: 45176.833 | E8: 113 | F8: 72 | G8: 10 | H8: 27 | I8: 4
A9: Professional Certificate Course In Data Science - October 2023 | B9: Professional Certificate Course In Data Science - October 2023 | D9: 45206.833 | E9: 70 | F9: 43 | G9: 7 | H9: 19 | I9: 1
A10: Professional Certificate Course In Data Science - November 2023 | B10: Professional Certificate Course In Data Science - November 2023 | D10: 45237.833 | E10: 62 | F10: 42 | G10: 5 | H10: 9 | I10: 6
A11: Professional Certificate Course In Data Science - May 2023 - LU | B11: Professional Certificate Course In Data Science - May 2023 - LU | D11: 45261.792 | E11: 65 | F11: 57 | G11: 0 | H11: 8 | I11: 0
A12: Professional Certificate Course In Data Science - December 2023 | B12: Professional Certificate Course In Data Science - December 2023 | D12: 45264 | E12: 69 | F12: 41 | G12: 6 | H12: 13 | I12: 9
A13: Professional Certificate Course In Data Science - January 2024 | B13: Professional Certificate Course In Data Science - January 2024 | D13: 45292 | E13: 84 | F13: 43 | G13: 9 | H13: 28 | I13: 4
... A47: Professional Certificate Course In Data Science October 2026 | B47: Professional Certificate Course In Data Science October 2026 | D47: 46303 | E47: 72 | F47: 72 | G47: 0 | H47: 0 | I47: 0

Sheet Picked Students (raw)
A1: UserID | B1: Batch | C1: Picked Date | D1: GEM Status | E1: Type of Experience | G1: Source: FlyWheel Google Sheet via Sheets API. GEM Status via Metabase label mapping, Type of Experience via col I of 'Prog<>Placement'. Refreshed: 2026-09-24.
A2: 1100600 | B2: Professional Certificate Course In Data Science - May 2023 | C2: 45618
A3: 53455 | B3: Professional Certificate Course In Data Science - April 2023 | C3: 45603
A4: 1095407 | B4: Professional Certificate Course In Data Science - April 2023
A5: 1119799 | B5: Professional Certificate Course In Data Science - April 2023
A6: 1129190 | B6: Professional Certificate Course In Data Science - April 2023 | C6: 45618
A7: 1206721 | B7: Professional Certificate Course In Data Science - April 2023 | C7: 45441
A8: 1243687 | B8: Professional Certificate Course In Data Science - April 2023
A9: 1264264 | B9: Professional Certificate Course In Data Science - April 2023
A10: 16315 | B10: Professional Certificate Course In Data Science - April 2024 | C10: 45594 | E10: Relevant
A11: 109531 | B11: Professional Certificate Course In Data Science - April 2024 | C11: 45594 | E11: Irrelevant (Tech/IT)
A12: 357840 | B12: Professional Certificate Course In Data Science - April 2024 | C12: 45594 | E12: Relevant
A13: 1615732 | B13: Professional Certificate Course In Data Science - April 2024 | C13: 45567 | E13: Relevant
A14: 1680761 | B14: Professional Certificate Course In Data Science - April 2024 | C14: 45594 | E14: Career Gap/ Non Working
A15: 1681619 | B15: Professional Certificate Course In Data Science - April 2024 | C15: 46003 | E15: Relevant
A16: 1682101 | B16: Professional Certificate Course In Data Science - April 2024 | C16: 46008 | E16: Irrelevant (Non Tech) (Grad>2020)
A17: 1683041 | B17: Professional Certificate Course In Data Science - April 2024 | C17: 45714 | E17: Irrelevant (Non Tech) (Grad>2020)
A18: 1684667 | B18: Professional Certificate Course In Data Science - April 2024 | C18: 45603 | E18: Career Gap/ Non Working
A19: 1688286 | B19: Professional Certificate Course In Data Science - April 2024 | C19: 45632 | E19: Career Gap/ Non Working
A20: 1689830 | B20: Professional Certificate Course In Data Science - April 2024 | C20: 45601 | E20: Irrelevant (Grad<2020)
A21: 1135619 | B21: Professional Certificate Course In Data Science - April 2025 | C21: 45911 | E21: Irrelevant (Grad<2020)
... A50: 2269639 | B50: Professional Certificate Course In Data Science - April 2025 | C50: 45968 | E50: Career Gap/ Non Working
A51: 2274979 | B51: Professional Certificate Course In Data Science - April 2025 | C51: 46281
A52: 2283728 | B52: Professional Certificate Course In Data Science - April 2025 | C52: 45937 | E52: Career Gap/ Non Working
A53: 189505 | B53: Professional Certificate Course In Data Science - August 2023 | C53: 45558 | E53: Irrelevant (Tech/IT)
A54: 314155 | B54: Professional Certificate Course In Data Science - August 2023 | C54: 45558 | E54: Relevant
A55: 629353 | B55: Professional Certificate Course In Data Science - August 2023 | C55: 45621 | E55: Irrelevant (Tech/IT)
A56: 1198238 | B56: Professional Certificate Course In Data Science - August 2023 | C56: 45594 | E56: Relevant
A57: 1322203 | B57: Professional Certificate Course In Data Science - August 2023 | C57: 45440
A58: 1330673 | B58: Professional Certificate Course In Data Science - August 2023 | C58: 45819 | E58: Relevant
A59: 1331313 | B59: Professional Certificate Course In Data Science - August 2023 | C59: 45518 | E59: Irrelevant (Non Tech) (Grad>2020)
A60: 1331316 | B60: Professional Certificate Course In Data Science - August 2023 | C60: 45594 | E60: Career Gap/ Non Working
A61: 1348040 | B61: Professional Certificate Course In Data Science - August 2023 | C61: 45601 | E61: Irrelevant (Grad<2020)
A62: 1363893 | B62: Professional Certificate Course In Data Science - August 2023 | C62: 45594 | E62: Career Gap/ Non Working
A63: 1427583 | B63: Professional Certificate Course In Data Science - August 2023 | C63: 45601 | E63: Fresher
A64: 1428159 | B64: Professional Certificate Course In Data Science - August 2023 | C64: 45618
A65: 1432900 | B65: Professional Certificate Course In Data Science - August 2023 | C65: 45627
A66: 1433028 | B66: Professional Certificate Course In Data Science - August 2023 | C66: 45598 | E66: Fresher
A67: 1435856 | B67: Professional Certificate Course In Data Science - August 2023
A68: 1437430 | B68: Professional Certificate Course In Data Science - August 2023 | C68: 45440
A69: 1439653 | B69: Professional Certificate Course In Data Science - August 2023 | C69: 45618
A70: 1442654 | B70: Professional Certificate Course In Data Science - August 2023 | C70: 45459
A71: 1443387 | B71: Professional Certificate Course In Data Science - August 2023 | C71: 45558 | E71: Irrelevant (Non Tech) (Grad>2020)
A72: 1444991 | B72: Professional Certificate Course In Data Science - August 2023
A73: 1446261 | B73: Professional Certificate Course In Data Science - August 2023
A74: 1447919 | B74: Professional Certificate Course In Data Science - August 2023 | C74: 45594
A75: 1449172 | B75: Professional Certificate Course In Data Science - August 2023
A76: 1455729 | B76: Professional Certificate Course In Data Science - August 2023
A77: 1456224 | B77: Professional Certificate Course In Data Science - August 2023 | C77: 45601 | E77: Irrelevant (Grad<2020)
A78: 1458272 | B78: Professional Certificate Course In Data Science - August 2023 | C78: 45440 | E78: Relevant
A79: 157149 | B79: Professional Certificate Course In Data Science - August 2024 | C79: 45681 | E79: Fresher
A80: 752377 | B80: Professional Certificate Course In Data Science - August 2024 | C80: 45609 | E80: Career Gap/ Non Working
A81: 1137468 | B81: Professional Certificate Course In Data Science - August 2024 | C81: 45643 | E81: Relevant
A82: 1487284 | B82: Professional Certificate Course In Data Science - August 2024 | C82: 45614 | E82: Fresher
A83: 1670009 | B83: Professional Certificate Course In Data Science - August 2024 | C83: 45614 | E83: Irrelevant (Tech/IT)
A84: 1774174 | B84: Professional Certificate Course In Data Science - August 2024 | C84: 45614 | E84: Irrelevant (Grad<2020)
A85: 1812039 | B85: Professional Certificate Course In Data Science - August 2024 | C85: 45646 | E85: Irrelevant (Non Tech) (Grad>2020)
A86: 1884654 | B86: Professional Certificate Course In Data Science - August 2024 | C86: 45642 | E86: Irrelevant (Tech/IT)
A87: 1900229 | B87: Professional Certificate Course In Data Science - August 2024 | C87: 45709 | E87: Irrelevant (Tech/IT)
A88: 1905247 | B88: Professional Certificate Course In Data Science - August 2024 | C88: 45652 | E88: Relevant
... A113: 572145 | B113: Professional Certificate Course In Data Science - December 2023 | C113: 45458 | E113: Fresher
A114: 623562 | B114: Professional Certificate Course In Data Science - December 2023 | E114: Fresher
A115: 1130490 | B115: Professional Certificate Course In Data Science - December 2023 | C115: 45618 | E115: Irrelevant (Tech/IT)
A116: 1132200 | B116: Professional Certificate Course In Data Science - December 2023 | C116: 45626 | E116: Irrelevant (Grad<2020)
A117: 1367825 | B117: Professional Certificate Course In Data Science - December 2023 | C117: 45558 | E117: Irrelevant (Non Tech) (Grad>2020)
A118: 1445592 | B118: Professional Certificate Course In Data Science - December 2023 | C118: 45478 | E118: Irrelevant (Non Tech) (Grad>2020)
A119: 1470652 | B119: Professional Certificate Course In Data Science - December 2023 | C119: 45441 | E119: Fresher
A120: 1549009 | B120: Professional Certificate Course In Data Science - December 2023 | C120: 45594 | E120: Irrelevant (Non Tech) (Grad>2020)
A121: 1563274 | B121: Professional Certificate Course In Data Science - December 2023 | C121: 45594 | E121: Fresher
A122: 1565517 | B122: Professional Certificate Course In Data Science - December 2023 | C122: 45618 | E122: Irrelevant (Non Tech) (Grad>2020)
A123: 1572263 | B123: Professional Certificate Course In Data Science - December 2023 | C123: 45594 | E123: Relevant
A124: 1574075 | B124: Professional Certificate Course In Data Science - December 2023 | C124: 45630 | E124: Irrelevant (Non Tech) (Grad>2020)
A125: 1575351 | B125: Professional Certificate Course In Data Science - December 2023 | C125: 45601 | E125: Irrelevant (Tech/IT)
A126: 1577095 | B126: Professional Certificate Course In Data Science - December 2023 | C126: 45626 | E126: Irrelevant (Tech/IT)
... A132: 1603356 | B132: Professional Certificate Course In Data Science - December 2023 | C132: 45441 | E132: Fresher
A133: 1682128 | B133: Professional Certificate Course In Data Science - December 2023 | E133: Irrelevant (Tech/IT)
A134: 1682798 | B134: Professional Certificate Course In Data Science - December 2023 | C134: 45468 | E134: Relevant
A135: 1690583 | B135: Professional Certificate Course In Data Science - December 2023 | C135: 45478 | E135: Career Gap/ Non Working
A136: 1660617 | B136: Professional Certificate Course In Data Science - December 2024 | C136: 46017 | E136: Irrelevant (Non Tech) (Grad>2020)
A137: 4035 | B137: Professional Certificate Course In Data Science - December 2024 | C137: 46076 | E137: Irrelevant (Tech/IT)
A138: 173606 | B138: Professional Certificate Course In Data Science - December 2024 | C138: 45790 | E138: Irrelevant (Tech/IT)
A139: 348305 | B139: Professional Certificate Course In Data Science - December 2024 | C139: 45908 | E139: Career Gap/ Non Working
A140: 1675652 | B140: Professional Certificate Course In Data Science - December 2024 | C140: 45814 | E140: Irrelevant (Grad<2020)
A141: 1758648 | B141: Professional Certificate Course In Data Science - December 2024 | C141: 45911 | E141: Career Gap/ Non Working
A142: 1901018 | B142: Professional Certificate Course In Data Science - December 2024 | C142: 45839 | E142: Relevant
A143: 1993405 | B143: Professional Certificate Course In Data Science - December 2024 | C143: 45796 | E143: Irrelevant (Non Tech) (Grad>2020)
A144: 1995007 | B144: Professional Certificate Course In Data Science - December 2024 | C144: 45840 | E144: Irrelevant (Grad<2020)
A145: 1997250 | B145: Professional Certificate Course In Data Science - December 2024 | C145: 45789 | E145: Fresher
... A163: 1189777 | B163: Professional Certificate Course In Data Science - February 2024 | C163: 45594 | E163: Irrelevant (Tech/IT)
A164: 1354736 | B164: Professional Certificate Course In Data Science - February 2024 | C164: 45443
A165: 1552110 | B165: Professional Certificate Course In Data Science - February 2024 | C165: 45594
A166: 1597460 | B166: Professional Certificate Course In Data Science - February 2024 | C166: 45594 | E166: Career Gap/ Non Working
A167: 1649214 | B167: Professional Certificate Course In Data Science - February 2024 | C167: 45735 | E167: Irrelevant (Non Tech) (Grad>2020)
A168: 1657480 | B168: Professional Certificate Course In Data Science - February 2024 | C168: 45632 | E168: Relevant
A169: 1658231 | B169: Professional Certificate Course In Data Science - February 2024 | C169: 45480 | E169: Relevant
A170: 1659861 | B170: Professional Certificate Course In Data Science - February 2024 | C170: 45594 | E170: Fresher
A171: 1660767 | B171: Professional Certificate Course In Data Science - February 2024 | C171: 45594 | E171: Irrelevant (Tech/IT)
A172: 1665378 | B172: Professional Certificate Course In Data Science - February 2024 | C172: 45594
A173: 1704408 | B173: Professional Certificate Course In Data Science - February 2024 | C173: 45512 | E173: Fresher
A174: 641583 | B174: Professional Certificate Course In Data Science - February 2025 | C174: 45904 | E174: Career Gap/ Non Working
...

Sheet Batch Start to Picked date
A1: Batch | B1: Batch (A/B) | C1: Base Batch | D1: GEM Status (raw) | E1: Batch Start Date | F1: Initially Enrolled | G1: Currently Enrolled | H1: Picked Students | I1: Within 30 Days | J1: % of Currently Enrolled | K1: Within 60 Days | L1: % of Currently Enrolled | M1: Within 90 Days | N1: % of Currently Enrolled | O1: Within 120 Days | P1: % of Currently Enrolled | Q1: Within 150 Days | R1: % of Currently Enrolled | S1: Within 180 Days | T1: % of Currently Enrolled | U1: Within 210 Days | V1: % of Currently Enrolled | W1: Within 240 Days | X1: % of Currently Enrolled | Y1: Within 270 Days | Z1: % of Currently Enrolled | AA1: Within 300 Days | AB1: % of Currently Enrolled | AC1: Within 330 Days | AD1: % of Currently Enrolled | AE1: Within 360 Days | AF1: % of Currently Enrolled | AG1: Within 390 Days | AH1: % of Currently Enrolled | AI1: Within 420 Days | AJ1: % of Currently Enrolled | AK1: Within 450 Days | AL1: % of Currently Enrolled | AM1: Within 480 Days | AN1: % of Currently Enrolled | AO1: Within 510 Days | AP1: % of Currently Enrolled | AQ1: Within 540 Days | AR1: % of Currently Enrolled | AS1: Not Placed yet
A2: Professional Certificate Course In Data Science - April 2023 | B2: =IF($A2="","",IFERROR(IF(INDEX('Batch Enrollment (Metabase)'!$C$2:$C$47,MATCH($A2,'Batch Enrollment (Metabase)'!$A$2:$A$47,0))="GEM","A",IF(INDEX('Batch Enrollment (Metabase)'!$C$2:$C$47,MATCH($A2,'Batch Enrollment (Metabase)'!$A$2:$A$47,0))="Non-GEM","B","")),"")) | C2: =IF($A2="","",IFERROR(INDEX('Batch Enrollment (Metabase)'!$B$2:$B$47,MATCH($A2,'Batch Enrollment (Metabase)'!$A$2:$A$47,0)),"")) | D2: =IF($A2="","",IFERROR(INDEX('Batch Enrollment (Metabase)'!$C$2:$C$47,MATCH($A2,'Batch Enrollment (Metabase)'!$A$2:$A$47,0)),"")) | E2: =IF($A2="","",IFERROR(INDEX('Batch Enrollment (Metabase)'!$D$2:$D$47,MATCH($A2,'Batch Enrollment (Metabase)'!$A$2:$A$47,0)),"")) | F2: =IF($A2="","",IFERROR(INDEX('Batch Enrollment (Metabase)'!$E$2:$E$47,MATCH($A2,'Batch Enrollment (Metabase)'!$A$2:$A$47,0)),"")) | G2: =IF($A2="","",IFERROR(INDEX('Batch Enrollment (Metabase)'!$F$2:$F$47,MATCH($A2,'Batch Enrollment (Metabase)'!$A$2:$A$47,0)),"")) | H2: =IF($A2="","",IF($D2="",COUNTIF('Picked Students (raw)'!$B$2:$B$824,$C2),COUNTIFS('Picked Students (raw)'!$B$2:$B$824,$C2,'Picked Students (raw)'!$D$2:$D$824,$D2))) | I2: =IF($A2="","",IF($E2="","",IF(TODAY()<$E2+30,"-",IF($D2="",SUMPRODUCT(('Picked Students (raw)'!$B$2:$B$824=$C2)*('Picked Students (raw)'!$C$2:$C$824<>"")*(('Picked Students (raw)'!$C$2:$C$824-$E2)<30)),SUMPRODUCT(('Picked Students (raw)'!$B$2:$B$824=$C2)*('Picked Students (raw)'!$D$2:$D$824=$D2)*('Picked Students (raw)'!$C$2:$C$824<>"")*(('Picked Students (raw)'!$C$2:$C$824-$E2)<30)))))) | J2: =IF($A2="","",IF(I2="-","-",IF($G2=0,0,I2/$G2))) | K2: =IF($A2="","",IF($E2="","",IF(TODAY()<$E2+60,"-",IF($D2="",SUMPRODUCT(('Picked Students (raw)'!$B$2:$B$824=$C2)*('Picked Students (raw)'!$C$2:$C$824<>"")*(('Picked Students (raw)'!$C$2:$C$824-$E2)<60)),SUMPRODUCT(('Picked Students (raw)'!$B$2:$B$824=$C2)*('Picked Students (raw)'!$D$2:$D$824=$D2)*('Picked Students (raw)'!$C$2:$C$824<>"")*(('Picked Students (raw)'!$C$2:$C$824-$E2)<60)))))) | L2: =IF($A2="","",IF(K2="-","-",IF($G2=0,0,K2/$G2))) | M2: =IF($A2="","",IF($E2="","",IF(TODAY()<$E2+90,"-",IF($D2="",SUMPRODUCT(('Picked Students (raw)'!$B$2:$B$824=$C2)*('Picked Students (raw)'!$C$2:$C$824<>"")*(('Picked Students (raw)'!$C$2:$C$824-$E2)<90)),SUMPRODUCT(('Picked Students (raw)'!$B$2:$B$824=$C2)*('Picked Students (raw)'!$D$2:$D$824=$D2)*('Picked Students (raw)'!$C$2:$C$824<>"")*(('Picked Students (raw)'!$C$2:$C$824-$E2)<90)))))) | N2: =IF($A2="","",IF(M2="-","-",IF($G2=0,0,M2/$G2))) | O2: =IF($A2="","",IF($E2="","",IF(TODAY()<$E2+120,"-",IF($D2="",SUMPRODUCT(('Picked Students (raw)'!$B$2:$B$824=$C2)*('Picked Students (raw)'!$C$2:$C$824<>"")*(('Picked Students (raw)'!$C$2:$C$824-$E2)<120)),SUMPRODUCT(('Picked Students (raw)'!$B$2:$B$824=$C2)*('Picked Students (raw)'!$D$2:$D$824=$D2)*('Picked Students (raw)'!$C$2:$C$824<>"")*(('Picked Students (raw)'!$C$2:$C$824-$E2)<120)))))) | P2: =IF($A2="","",IF(O2="-","-",IF($G2=0,0,O2/$G2))) | Q2: =IF($A2="","",IF($E2="","",IF(TODAY()<$E2+150,"-",IF($D2="",SUMPRODUCT(('Picked Students (raw)'!$B$2:$B$824=$C2)*('Picked Students (raw)'!$C$2:$C$824<>"")*(('Picked Students (raw)'!$C$2:$C$824-$E2)<150)),SUMPRODUCT(('Picked Students (raw)'!$B$2:$B$824=$C2)*('Picked Students (raw)'!$D$2:$D$824=$D2)*('Picked Students (raw)'!$C$2:$C$824<>"")*(('Picked Students (raw)'!$C$2:$C$824-$E2)<150)))))) | R2: =IF($A2="","",IF(Q2="-","-",IF($G2=0,0,Q2/$G2))) | S2: =IF($A2="","",IF($E2="","",IF(TODAY()<$E2+180,"-",IF($D2="",SUMPRODUCT(('Picked Students (raw)'!$B$2:$B$824=$C2)*('Picked Students (raw)'!$C$2:$C$824<>"")*(('Picked Students (raw)'!$C$2:$C$824-$E2)<180)),SUMPRODUCT(('Picked Students (raw)'!$B$2:$B$824=$C2)*('Picked Students (raw)'!$D$2:$D$824=$D2)*('Picked Students (raw)'!$C$2:$C$824<>"")*(('Picked Students (raw)'!$C$2:$C$824-$E2)<180)))))) | T2: =IF($A2="","",IF(S2="-","-",IF($G2=0,0,S2/$G2))) | U2: =IF($A2="","",IF($E2="","",IF(TODAY()<$E2+210,"-",IF($D2="",SUMPRODUCT(('Picked Students (raw)'!$B$2:$B$824=$C2)*('Picked Students (raw)'!$C$2:$C$824<>"")*(('Picked Students (raw)'!$C$2:$C$824-$E2)<210)),SUMPRODUCT(('Picked Students (raw)'!$B$2:$B$824=$C2)*('Picked Students (raw)'!$D$2:$D$824=$D2)*('Picked Students (raw)'!$C$2:$C$824<>"")*(('Picked Students (raw)'!$C$2:$C$824-$E2)<210)))))) | V2: =IF($A2="","",IF(U2="-","-",IF($G2=0,0,U2/$G2))) | W2: =IF($A2="","",IF($E2="","",IF(TODAY()<$E2+240,"-",IF($D2="",SUMPRODUCT(('Picked Students (raw)'!$B$2:$B$824=$C2)*('Picked Students (raw)'!$C$2:$C$824<>"")*(('Picked Students (raw)'!$C$2:$C$824-$E2)<240)),SUMPRODUCT(('Picked Students (raw)'!$B$2:$B$824=$C2)*('Picked Students (raw)'!$D$2:$D$824=$D2)*('Picked Students (raw)'!$C$2:$C$824<>"")*(('Picked Students (raw)'!$C$2:$C$824-$E2)<240)))))) | X2: =IF($A2="","",IF(W2="-","-",IF($G2=0,0,W2/$G2))) | Y2: =IF($A2="","",IF($E2="","",IF(TODAY()<$E2+270,"-",IF($D2="",SUMPRODUCT(('Picked Students (raw)'!$B$2:$B$824=$C2)*('Picked Students (raw)'!$C$2:$C$824<>"")*(('Picked Students (raw)'!$C$2:$C$824-$E2)<270)),SUMPRODUCT(('Picked Students (raw)'!$B$2:$B$824=$C2)*('Picked Students (raw)'!$D$2:$D$824=$D2)*('Picked Students (raw)'!$C$2:$C$824<>"")*(('Picked Students (raw)'!$C$2:$C$824-$E2)<270)))))) | Z2: =IF($A2="","",IF(Y2="-","-",IF($G2=0,0,Y2/$G2))) | AA2: =IF($A2="","",IF($E2="","",IF(TODAY()<$E2+300,"-",IF($D2="",SUMPRODUCT(('Picked Students (raw)'!$B$2:$B$824=$C2)*('Picked Students (raw)'!$C$2:$C$824<>"")*(('Picked Students (raw)'!$C$2:$C$824-$E2)<300)),SUMPRODUCT(('Picked Students (raw)'!$B$2:$B$824=$C2)*('Picked Students (raw)'!$D$2:$D$824=$D2)*('Picked Students (raw)'!$C$2:$C$824<>"")*(('Picked Students (raw)'!$C$2:$C$824-$E2)<300)))))) | AB2: =IF($A2="","",IF(AA2="-","-",IF($G2=0,0,AA2/$G2))) | AC2: =IF($A2="","",IF($E2="","",IF(TODAY()<$E2+330,"-",IF($D2="",SUMPRODUCT(('Picked Students (raw)'!$B$2:$B$824=$C2)*('Picked Students (raw)'!$C$2:$C$824<>"")*(('Picked Students (raw)'!$C$2:$C$824-$E2)<330)),SUMPRODUCT(('Picked Students (raw)'!$B$2:$B$824=$C2)*('Picked Students (raw)'!$D$2:$D$824=$D2)*('Picked Students (raw)'!$C$2:$C$824<>"")*(('Picked Students (raw)'!$C$2:$C$824-$E2)<330)))))) | AD2: =IF($A2="","",IF(AC2="-","-",IF($G2=0,0,AC2/$G2))) | AE2: =IF($A2="","",IF($E2="","",IF(TODAY()<$E2+360,"-",IF($D2="",SUMPRODUCT(('Picked Students (raw)'!$B$2:$B$824=$C2)*('Picked Students (raw)'!$C$2:$C$824<>"")*(('Picked Students (raw)'!$C$2:$C$824-$E2)<360)),SUMPRODUCT(('Picked Students (raw)'!$B$2:$B$824=$C2)*('Picked Students (raw)'!$D$2:$D$824=$D2)*('Picked Students (raw)'!$C$2:$C$824<>"")*(('Picked Students (raw)'!$C$2:$C$824-$E2)<360)))))) | AF2: =IF($A2="","",IF(AE2="-","-",IF($G2=0,0,AE2/$G2))) | AG2: =IF($A2="","",IF($E2="","",IF(TODAY()<$E2+390,"-",IF($D2="",SUMPRODUCT(('Picked Students (raw)'!$B$2:$B$824=$C2)*('Picked Students (raw)'!$C$2:$C$824<>"")*(('Picked Students (raw)'!$C$2:$C$824-$E2)<390)),SUMPRODUCT(('Picked Students (raw)'!$B$2:$B$824=$C2)*('Picked Students (raw)'!$D$2:$D$824=$D2)*('Picked Students (raw)'!$C$2:$C$824<>"")*(('Picked Students (raw)'!$C$2:$C$824-$E2)<390)))))) | AH2: =IF($A2="","",IF(AG2="-","-",IF($G2=0,0,AG2/$G2))) | AI2: =IF($A2="","",IF($E2="","",IF(TODAY()<$E2+420,"-",IF($D2="",SUMPRODUCT(('Picked Students (raw)'!$B$2:$B$824=$C2)*('Picked Students (raw)'!$C$2:$C$824<>"")*(('Picked Students (raw)'!$C$2:$C$824-$E2)<420)),SUMPRODUCT(('Picked Students (raw)'!$B$2:$B$824=$C2)*('Picked Students (raw)'!$D$2:$D$824=$D2)*('Picked Students (raw)'!$C$2:$C$824<>"")*(('Picked Students (raw)'!$C$2:$C$824-$E2)<420)))))) | AJ2: =IF($A2="","",IF(AI2="-","-",IF($G2=0,0,AI2/$G2))) | AK2: =IF($A2="","",IF($E2="","",IF(TODAY()<$E2+450,"-",IF($D2="",SUMPRODUCT(('Picked Students (raw)'!$B$2:$B$824=$C2)*('Picked Students (raw)'!$C$2:$C$824<>"")*(('Picked Students (raw)'!$C$2:$C$824-$E2)<450)),SUMPRODUCT(('Picked Students (raw)'!$B$2:$B$824=$C2)*('Picked Students (raw)'!$D$2:$D$824=$D2)*('Picked Students (raw)'!$C$2:$C$824<>"")*(('Picked Students (raw)'!$C$2:$C$824-$E2)<450)))))) | AL2: =IF($A2="","",IF(AK2="-","-",IF($G2=0,0,AK2/$G2))) | AM2: =IF($A2="","",IF($E2="","",IF(TODAY()<$E2+480,"-",IF($D2="",SUMPRODUCT(('Picked Students (raw)'!$B$2:$B$824=$C2)*('Picked Students (raw)'!$C$2:$C$824<>"")*(('Picked Students (raw)'!$C$2:$C$824-$E2)<480)),SUMPRODUCT(('Picked Students (raw)'!$B$2:$B$824=$C2)*('Picked Students (raw)'!$D$2:$D$824=$D2)*('Picked Students (raw)'!$C$2:$C$824<>"")*(('Picked Students (raw)'!$C$2:$C$824-$E2)<480)))))) | AN2: =IF($A2="","",IF(AM2="-","-",IF($G2=0,0,AM2/$G2))) | AO2: =IF($A2="","",IF($E2="","",IF(TODAY()<$E2+510,"-",IF($D2="",SUMPRODUCT(('Picked Students (raw)'!$B$2:$B$824=$C2)*('Picked Students (raw)'!$C$2:$C$824<>"")*(('Picked Students (raw)'!$C$2:$C$824-$E2)<510)),SUMPRODUCT(('Picked Students (raw)'!$B$2:$B$824=$C2)*('Picked Students (raw)'!$D$2:$D$824=$D2)*('Picked Students (raw)'!$C$2:$C$824<>"")*(('Picked Students (raw)'!$C$2:$C$824-$E2)<510)))))) | AP2: =IF($A2="","",IF(AO2="-","-",IF($G2=0,0,AO2/$G2))) | AQ2: =IF($A2="","",IF($E2="","",IF(TODAY()<$E2+540,"-",IF($D2="",SUMPRODUCT(('Picked Students (raw)'!$B$2:$B$824=$C2)*('Picked Students (raw)'!$C$2:$C$824<>"")*(('Picked Students (raw)'!$C$2:$C$824-$E2)<540)),SUMPRODUCT(('Picked Students (raw)'!$B$2:$B$824=$C2)*('Picked Students (raw)'!$D$2:$D$824=$D2)*('Picked Students (raw)'!$C$2:$C$824<>"")*(('Picked Students (raw)'!$C$2:$C$824-$E2)<540)))))) | AR2: =IF($A2="","",IF(AQ2="-","-",IF($G2=0,0,AQ2/$G2))) | AS2: =IF($A2="","",IF(AQ2="-","-",$H2-AQ2))
A3: Professional Certificate Course In Data Science - May 2023 | B3: =IF($A3="","",IFERROR(IF(INDEX('Batch Enrollment (Metabase)'!$C$2:$C$47,MATCH($A3,'Batch Enrollment (Metabase)'!$A$2:$A$47,0))="GEM","A",IF(INDEX('Batch Enrollment (Metabase)'!$C$2:$C$47,MATCH($A3,'Batch Enrollment (Metabase)'!$A$2:$A$47,0))="Non-GEM","B","")),"")) | C3: =IF($A3="","",IFERROR(INDEX('Batch Enrollment (Metabase)'!$B$2:$B$47,MATCH($A3,'Batch Enrollment (Metabase)'!$A$2:$A$47,0)),"")) | D3: =IF($A3="","",IFERROR(INDEX('Batch Enrollment (Metabase)'!$C$2:$C$47,MATCH($A3,'Batch Enrollment (Metabase)'!$A$2:$A$47,0)),"")) | E3: =IF($A3="","",IFERROR(INDEX('Batch Enrollment (Metabase)'!$D$2:$D$47,MATCH($A3,'Batch Enrollment (Metabase)'!$A$2:$A$47,0)),"")) | F3: =IF($A3="","",IFERROR(INDEX('Batch Enrollment (Metabase)'!$E$2:$E$47,MATCH($A3,'Batch Enrollment (Metabase)'!$A$2:$A$47,0)),"")) | G3: =IF($A3="","",IFERROR(INDEX('Batch Enrollment (Metabase)'!$F$2:$F$47,MATCH($A3,'Batch Enrollment (Metabase)'!$A$2:$A$47,0)),"")) | H3: =IF($A3="","",IF($D3="",COUNTIF('Picked Students (raw)'!$B$2:$B$824,$C3),COUNTIFS('Picked Students (raw)'!$B$2:$B$824,$C3,'Picked Students (raw)'!$D$2:$D$824,$D3))) | I3: =IF($A3="","",IF($E3="","",IF(TODAY()<$E3+30,"-",IF($D3="",SUMPRODUCT(('Picked Students (raw)'!$B$2:$B$824=$C3)*('Picked Students (raw)'!$C$2:$C$824<>"")*(('Picked Students (raw)'!$C$2:$C$824-$E3)<30)),SUMPRODUCT(('Picked Students (raw)'!$B$2:$B$824=$C3)*('Picked Students (raw)'!$D$2:$D$824=$D3)*('Picked Students (raw)'!$C$2:$C$824<>"")*(('Picked Students (raw)'!$C$2:$C$824-$E3)<30)))))) | J3: =IF($A3="","",IF(I3="-","-",IF($G3=0,0,I3/$G3))) | K3: =IF($A3="","",IF($E3="","",IF(TODAY()<$E3+60,"-",IF($D3="",SUMPRODUCT(('Picked Students (raw)'!$B$2:$B$824=$C3)*('Picked Students (raw)'!$C$2:$C$824<>"")*(('Picked Students (raw)'!$C$2:$C$824-$E3)<60)),SUMPRODUCT(('Picked Students (raw)'!$B$2:$B$824=$C3)*('Picked Students (raw)'!$D$2:$D$824=$D3)*('Picked Students (raw)'!$C$2:$C$824<>"")*(('Picked Students (raw)'!$C$2:$C$824-$E3)<60)))))) | L3: =IF($A3="","",IF(K3="-","-",IF($G3=0,0,K3/$G3))) | M3: =IF($A3="","",IF($E3="","",IF(TODAY()<$E3+90,"-",IF($D3="",SUMPRODUCT(('Picked Students (raw)'!$B$2:$B$824=$C3)*('Picked Students (raw)'!$C$2:$C$824<>"")*(('Picked Students (raw)'!$C$2:$C$824-$E3)<90)),SUMPRODUCT(('Picked Students (raw)'!$B$2:$B$824=$C3)*('Picked Students (raw)'!$D$2:$D$824=$D3)*('Picked Students (raw)'!$C$2:$C$824<>"")*(('Picked Students (raw)'!$C$2:$C$824-$E3)<90)))))) | N3: =IF($A3="","",IF(M3="-","-",IF($G3=0,0,M3/$G3))) | O3: =IF($A3="","",IF($E3="","",IF(TODAY()<$E3+120,"-",IF($D3="",SUMPRODUCT(('Picked Students (raw)'!$B$2:$B$824=$C3)*('Picked Students (raw)'!$C$2:$C$824<>"")*(('Picked Students (raw)'!$C$2:$C$824-$E3)<120)),SUMPRODUCT(('Picked Students (raw)'!$B$2:$B$824=$C3)*('Picked Students (raw)'!$D$2:$D$824=$D3)*('Picked Students (raw)'!$C$2:$C$824<>"")*(('Picked Students (raw)'!$C$2:$C$824-$E3)<120)))))) | P3: =IF($A3="","",IF(O3="-","-",IF($G3=0,0,O3/$G3))) | Q3: =IF($A3="","",IF($E3="","",IF(TODAY()<$E3+150,"-",IF($D3="",SUMPRODUCT(('Picked Students (raw)'!$B$2:$B$824=$C3)*('Picked Students (raw)'!$C$2:$C$824<>"")*(('Picked Students (raw)'!$C$2:$C$824-$E3)<150)),SUMPRODUCT(('Picked Students (raw)'!$B$2:$B$824=$C3)*('Picked Students (raw)'!$D$2:$D$824=$D3)*('Picked Students (raw)'!$C$2:$C$824<>"")*(('Picked Students (raw)'!$C$2:$C$824-$E3)<150)))))) | R3: =IF($A3="","",IF(Q3="-","-",IF($G3=0,0,Q3/$G3))) | S3: =IF($A3="","",IF($E3="","",IF(TODAY()<$E3+180,"-",IF($D3="",SUMPRODUCT(('Picked Students (raw)'!$B$2:$B$824=$C3)*('Picked Students (raw)'!$C$2:$C$824<>"")*(('Picked Students (raw)'!$C$2:$C$824-$E3)<180)),SUMPRODUCT(('Picked Students (raw)'!$B$2:$B$824=$C3)*('Picked Students (raw)'!$D$2:$D$824=$D3)*('Picked Students (raw)'!$C$2:$C$824<>"")*(('Picked Students (raw)'!$C$2:$C$824-$E3)<180)))))) | T3: =IF($A3="","",IF(S3="-","-",IF($G3=0,0,S3/$G3))) | U3: =IF($A3="","",IF($E3="","",IF(TODAY()<$E3+210,"-",IF($D3="",SUMPRODUCT(('Picked Students (raw)'!$B$2:$B$824=$C3)*('Picked Students (raw)'!$C$2:$C$824<>"")*(('Picked Students (raw)'!$C$2:$C$824-$E3)<210)),SUMPRODUCT(('Picked Students (raw)'!$B$2:$B$824=$C3)*('Picked Students (raw)'!$D$2:$D$824=$D3)*('Picked Students (raw)'!$C$2:$C$824<>"")*(('Picked Students (raw)'!$C$2:$C$824-$E3)<210)))))) | V3: =IF($A3="","",IF(U3="-","-",IF($G3=0,0,U3/$G3))) | W3: =IF($A3="","",IF($E3="","",IF(TODAY()<$E3+240,"-",IF($D3="",SUMPRODUCT(('Picked Students (raw)'!$B$2:$B$824=$C3)*('Picked Students (raw)'!$C$2:$C$824<>"")*(('Picked Students (raw)'!$C$2:$C$824-$E3)<240)),SUMPRODUCT(('Picked Students (raw)'!$B$2:$B$824=$C3)*('Picked Students (raw)'!$D$2:$D$824=$D3)*('Picked Students (raw)'!$C$2:$C$824<>"")*(('Picked Students (raw)'!$C$2:$C$824-$E3)<240)))))) | X3: =IF($A3="","",IF(W3="-","-",IF($G3=0,0,W3/$G3))) | Y3: =IF($A3="","",IF($E3="","",IF(TODAY()<$E3+270,"-",IF($D3="",SUMPRODUCT(('Picked Students (raw)'!$B$2:$B$824=$C3)*('Picked Students (raw)'!$C$2:$C$824<>"")*(('Picked Students (raw)'!$C$2:$C$824-$E3)<270)),SUMPRODUCT(('Picked Students (raw)'!$B$2:$B$824=$C3)*('Picked Students (raw)'!$D$2:$D$824=$D3)*('Picked Students (raw)'!$C$2:$C$824<>"")*(('Picked Students (raw)'!$C$2:$C$824-$E3)<270)))))) | Z3: =IF($A3="","",IF(Y3="-","-",IF($G3=0,0,Y3/$G3))) | AA3: =IF($A3="","",IF($E3="","",IF(TODAY()<$E3+300,"-",IF($D3="",SUMPRODUCT(('Picked Students (raw)'!$B$2:$B$824=$C3)*('Picked Students (raw)'!$C$2:$C$824<>"")*(('Picked Students (raw)'!$C$2:$C$824-$E3)<300)),SUMPRODUCT(('Picked Students (raw)'!$B$2:$B$824=$C3)*('Picked Students (raw)'!$D$2:$D$824=$D3)*('Picked Students (raw)'!$C$2:$C$824<>"")*(('Picked Students (raw)'!$C$2:$C$824-$E3)<300)))))) | AB3: =IF($A3="","",IF(AA3="-","-",IF($G3=0,0,AA3/$G3))) | AC3: =IF($A3="","",IF($E3="","",IF(TODAY()<$E3+330,"-",IF($D3="",SUMPRODUCT(('Picked Students (raw)'!$B$2:$B$824=$C3)*('Picked Students (raw)'!$C$2:$C$824<>"")*(('Picked Students (raw)'!$C$2:$C$824-$E3)<330)),SUMPRODUCT(('Picked Students (raw)'!$B$2:$B$824=$C3)*('Picked Students (raw)'!$D$2:$D$824=$D3)*('Picked Students (raw)'!$C$2:$C$824<>"")*(('Picked Students (raw)'!$C$2:$C$824-$E3)<330)))))) | AD3: =IF($A3="","",IF(AC3="-","-",IF($G3=0,0,AC3/$G3))) | AE3: =IF($A3="","",IF($E3="","",IF(TODAY()<$E3+360,"-",IF($D3="",SUMPRODUCT(('Picked Students (raw)'!$B$2:$B$824=$C3)*('Picked Students (raw)'!$C$2:$C$824<>"")*(('Picked Students (raw)'!$C$2:$C$824-$E3)<360)),SUMPRODUCT(('Picked Students (raw)'!$B$2:$B$824=$C3)*('Picked Students (raw)'!$D$2:$D$824=$D3)*('Picked Students (raw)'!$C$2:$C$824<>"")*(('Picked Students (raw)'!$C$2:$C$824-$E3)<360)))))) | AF3: =IF($A3="","",IF(AE3="-","-",IF($G3=0,0,AE3/$G3))) | AG3: =IF($A3="","",IF($E3="","",IF(TODAY()<$E3+390,"-",IF($D3="",SUMPRODUCT(('Picked Students (raw)'!$B$2:$B$824=$C3)*('Picked Students (raw)'!$C$2:$C$824<>"")*(('Picked Students (raw)'!$C$2:$C$824-$E3)<390)),SUMPRODUCT(('Picked Students (raw)'!$B$2:$B$824=$C3)*('Picked Students (raw)'!$D$2:$D$824=$D3)*('Picked Students (raw)'!$C$2:$C$824<>"")*(('Picked Students (raw)'!$C$2:$C$824-$E3)<390)))))) | AH3: =IF($A3="","",IF(AG3="-","-",IF($G3=0,0,AG3/$G3))) | AI3: =IF($A3="","",IF($E3="","",IF(TODAY()<$E3+420,"-",IF($D3="",SUMPRODUCT(('Picked Students (raw)'!$B$2:$B$824=$C3)*('Picked Students (raw)'!$C$2:$C$824<>"")*(('Picked Students (raw)'!$C$2:$C$824-$E3)<420)),SUMPRODUCT(('Picked Students (raw)'!$B$2:$B$824=$C3)*('Picked Students (raw)'!$D$2:$D$824=$D3)*('Picked Students (raw)'!$C$2:$C$824<>"")*(('Picked Students (raw)'!$C$2:$C$824-$E3)<420)))))) | AJ3: =IF($A3="","",IF(AI3="-","-",IF($G3=0,0,AI3/$G3))) | AK3: =IF($A3="","",IF($E3="","",IF(TODAY()<$E3+450,"-",IF($D3="",SUMPRODUCT(('Picked Students (raw)'!$B$2:$B$824=$C3)*('Picked Students (raw)'!$C$2:$C$824<>"")*(('Picked Students (raw)'!$C$2:$C$824-$E3)<450)),SUMPRODUCT(('Picked Students (raw)'!$B$2:$B$824=$C3)*('Picked Students (raw)'!$D$2:$D$824=$D3)*('Picked Students (raw)'!$C$2:$C$824<>"")*(('Picked Students (raw)'!$C$2:$C$824-$E3)<450)))))) | AL3: =IF($A3="","",IF(AK3="-","-",IF($G3=0,0,AK3/$G3))) | AM3: =IF($A3="","",IF($E3="","",IF(TODAY()<$E3+480,"-",IF($D3="",SUMPRODUCT(('Picked Students (raw)'!$B$2:$B$824=$C3)*('Picked Students (raw)'!$C$2:$C$824<>"")*(('Picked Students (raw)'!$C$2:$C$824-$E3)<480)),SUMPRODUCT(('Picked Students (raw)'!$B$2:$B$824=$C3)*('Picked Students (raw)'!$D$2:$D$824=$D3)*('Picked Students (raw)'!$C$2:$C$824<>"")*(('Picked Students (raw)'!$C$2:$C$824-$E3)<480)))))) | AN3: =IF($A3="","",IF(AM3="-","-",IF($G3=0,0,AM3/$G3))) | AO3: =IF($A3="","",IF($E3="","",IF(TODAY()<$E3+510,"-",IF($D3="",SUMPRODUCT(('Picked Students (raw)'!$B$2:$B$824=$C3)*('Picked Students (raw)'!$C$2:$C$824<>"")*(('Picked Students (raw)'!$C$2:$C$824-$E3)<510)),SUMPRODUCT(('Picked Students (raw)'!$B$2:$B$824=$C3)*('Picked Students (raw)'!$D$2:$D$824=$D3)*('Picked Students (raw)'!$C$2:$C$824<>"")*(('Picked Students (raw)'!$C$2:$C$824-$E3)<510)))))) | AP3: =IF($A3="","",IF(AO3="-","-",IF($G3=0,0,AO3/$G3))) | AQ3: =IF($A3="","",IF($E3="","",IF(TODAY()<$E3+540,"-",IF($D3="",SUMPRODUCT(('Picked Students (raw)'!$B$2:$B$824=$C3)*('Picked Students (raw)'!$C$2:$C$824<>"")*(('Picked Students (raw)'!$C$2:$C$824-$E3)<540)),SUMPRODUCT(('Picked Students (raw)'!$B$2:$B$824=$C3)*('Picked Students (raw)'!$D$2:$D$824=$D3)*('Picked Students (raw)'!$C$2:$C$824<>"")*(('Picked Students (raw)'!$C$2:$C$824-$E3)<540)))))) | AR3: =IF($A3="","",IF(AQ3="-","-",IF($G3=0,0,AQ3/$G3))) | AS3: =IF($A3="","",IF(AQ3="-","-",$H3-AQ3))
A4: Professional Certificate Course In Data Science - June 2023 | B4: =IF($A4="","",IFERROR(IF(INDEX('Batch Enrollment (Metabase)'!$C$2:$C$47,MATCH($A4,'Batch Enrollment (Metabase)'!$A$2:$A$47,0))="GEM","A",IF(INDEX('Batch Enrollment (Metabase)'!$C$2:$C$47,MATCH($A4,'Batch Enrollment (Metabase)'!$A$2:$A$47,0))="Non-GEM","B","")),"")) | C4: =IF($A4="","",IFERROR(INDEX('Batch Enrollment (Metabase)'!$B$2:$B$47,MATCH($A4,'Batch Enrollment (Metabase)'!$A$2:$A$47,0)),"")) | D4: =IF($A4="","",IFERROR(INDEX('Batch Enrollment (Metabase)'!$C$2:$C$47,MATCH($A4,'Batch Enrollment (Metabase)'!$A$2:$A$47,0)),"")) | E4: =IF($A4="","",IFERROR(INDEX('Batch Enrollment (Metabase)'!$D$2:$D$47,MATCH($A4,'Batch Enrollment (Metabase)'!$A$2:$A$47,0)),"")) | F4: =IF($A4="","",IFERROR(INDEX('Batch Enrollment (Metabase)'!$E$2:$E$47,MATCH($A4,'Batch Enrollment (Metabase)'!$A$2:$A$47,0)),"")) | G4: =IF($A4="","",IFERROR(INDEX('Batch Enrollment (Metabase)'!$F$2:$F$47,MATCH($A4,'Batch Enrollment (Metabase)'!$A$2:$A$47,0)),"")) | H4: =IF($A4="","",IF($D4="",COUNTIF('Picked Students (raw)'!$B$2:$B$824,$C4),COUNTIFS('Picked Students (raw)'!$B$2:$B$824,$C4,'Picked Students (raw)'!$D$2:$D$824,$D4))) | I4: =IF($A4="","",IF($E4="","",IF(TODAY()<$E4+30,"-",IF($D4="",SUMPRODUCT(('Picked Students (raw)'!$B$2:$B$824=$C4)*('Picked Students (raw)'!$C$2:$C$824<>"")*(('Picked Students (raw)'!$C$2:$C$824-$E4)<30)),SUMPRODUCT(('Picked Students (raw)'!$B$2:$B$824=$C4)*('Picked Students (raw)'!$D$2:$D$824=$D4)*('Picked Students (raw)'!$C$2:$C$824<>"")*(('Picked Students (raw)'!$C$2:$C$824-$E4)<30)))))) | J4: =IF($A4="","",IF(I4="-","-",IF($G4=0,0,I4/$G4))) | K4: =IF($A4="","",IF($E4="","",IF(TODAY()<$E4+60,"-",IF($D4="",SUMPRODUCT(('Picked Students (raw)'!$B$2:$B$824=$C4)*('Picked Students (raw)'!$C$2:$C$824<>"")*(('Picked Students (raw)'!$C$2:$C$824-$E4)<60)),SUMPRODUCT(('Picked Students (raw)'!$B$2:$B$824=$C4)*('Picked Students (raw)'!$D$2:$D$824=$D4)*('Picked Students (raw)'!$C$2:$C$824<>"")*(('Picked Students (raw)'!$C$2:$C$824-$E4)<60)))))) | L4: =IF($A4="","",IF(K4="-","-",IF($G4=0,0,K4/$G4))) | M4: =IF($A4="","",IF($E4="","",IF(TODAY()<$E4+90,"-",IF($D4="",SUMPRODUCT(('Picked Students (raw)'!$B$2:$B$824=$C4)*('Picked Students (raw)'!$C$2:$C$824<>"")*(('Picked Students (raw)'!$C$2:$C$824-$E4)<90)),SUMPRODUCT(('Picked Students (raw)'!$B$2:$B$824=$C4)*('Picked Students (raw)'!$D$2:$D$824=$D4)*('Picked Students (raw)'!$C$2:$C$824<>"")*(('Picked Students (raw)'!$C$2:$C$824-$E4)<90)))))) | N4: =IF($A4="","",IF(M4="-","-",IF($G4=0,0,M4/$G4))) | O4: =IF($A4="","",IF($E4="","",IF(TODAY()<$E4+120,"-",IF($D4="",SUMPRODUCT(('Picked Students (raw)'!$B$2:$B$824=$C4)*('Picked Students (raw)'!$C$2:$C$824<>"")*(('Picked Students (raw)'!$C$2:$C$824-$E4)<120)),SUMPRODUCT(('Picked Students (raw)'!$B$2:$B$824=$C4)*('Picked Students (raw)'!$D$2:$D$824=$D4)*('Picked Students (raw)'!$C$2:$C$824<>"")*(('Picked Students (raw)'!$C$2:$C$824-$E4)<120)))))) | P4: =IF($A4="","",IF(O4="-","-",IF($G4=0,0,O4/$G4))) | Q4: =IF($A4="","",IF($E4="","",IF(TODAY()<$E4+150,"-",IF($D4="",SUMPRODUCT(('Picked Students (raw)'!$B$2:$B$824=$C4)*('Picked Students (raw)'!$C$2:$C$824<>"")*(('Picked Students (raw)'!$C$2:$C$824-$E4)<150)),SUMPRODUCT(('Picked Students (raw)'!$B$2:$B$824=$C4)*('Picked Students (raw)'!$D$2:$D$824=$D4)*('Picked Students (raw)'!$C$2:$C$824<>"")*(('Picked Students (raw)'!$C$2:$C$824-$E4)<150)))))) | R4: =IF($A4="","",IF(Q4="-","-",IF($G4=0,0,Q4/$G4))) | S4: =IF($A4="","",IF($E4="","",IF(TODAY()<$E4+180,"-",IF($D4="",SUMPRODUCT(('Picked Students (raw)'!$B$2:$B$824=$C4)*('Picked Students (raw)'!$C$2:$C$824<>"")*(('Picked Students (raw)'!$C$2:$C$824-$E4)<180)),SUMPRODUCT(('Picked Students (raw)'!$B$2:$B$824=$C4)*('Picked Students (raw)'!$D$2:$D$824=$D4)*('Picked Students (raw)'!$C$2:$C$824<>"")*(('Picked Students (raw)'!$C$2:$C$824-$E4)<180)))))) | T4: =IF($A4="","",IF(S4="-","-",IF($G4=0,0,S4/$G4))) | U4: =IF($A4="","",IF($E4="","",IF(TODAY()<$E4+210,"-",IF($D4="",SUMPRODUCT(('Picked Students (raw)'!$B$2:$B$824=$C4)*('Picked Students (raw)'!$C$2:$C$824<>"")*(('Picked Students (raw)'!$C$2:$C$824-$E4)<210)),SUMPRODUCT(('Picked Students (raw)'!$B$2:$B$824=$C4)*('Picked Students (raw)'!$D$2:$D$824=$D4)*('Picked Students (raw)'!$C$2:$C$824<>"")*(('Picked Students (raw)'!$C$2:$C$824-$E4)<210)))))) | V4: =IF($A4="","",IF(U4="-","-",IF($G4=0,0,U4/$G4))) | W4: =IF($A4="","",IF($E4="","",IF(TODAY()<$E4+240,"-",IF($D4="",SUMPRODUCT(('Picked Students (raw)'!$B$2:$B$824=$C4)*('Picked Students (raw)'!$C$2:$C$824<>"")*(('Picked Students (raw)'!$C$2:$C$824-$E4)<240)),SUMPRODUCT(('Picked Students (raw)'!$B$2:$B$824=$C4)*('Picked Students (raw)'!$D$2:$D$824=$D4)*('Picked Students (raw)'!$C$2:$C$824<>"")*(('Picked Students (raw)'!$C$2:$C$824-$E4)<240)))))) | X4: =IF($A4="","",IF(W4="-","-",IF($G4=0,0,W4/$G4))) | Y4: =IF($A4="","",IF($E4="","",IF(TODAY()<$E4+270,"-",IF($D4="",SUMPRODUCT(('Picked Students (raw)'!$B$2:$B$824=$C4)*('Picked Students (raw)'!$C$2:$C$824<>"")*(('Picked Students (raw)'!$C$2:$C$824-$E4)<270)),SUMPRODUCT(('Picked Students (raw)'!$B$2:$B$824=$C4)*('Picked Students (raw)'!$D$2:$D$824=$D4)*('Picked Students (raw)'!$C$2:$C$824<>"")*(('Picked Students (raw)'!$C$2:$C$824-$E4)<270)))))) | Z4: =IF($A4="","",IF(Y4="-","-",IF($G4=0,0,Y4/$G4))) | AA4: =IF($A4="","",IF($E4="","",IF(TODAY()<$E4+300,"-",IF($D4="",SUMPRODUCT(('Picked Students (raw)'!$B$2:$B$824=$C4)*('Picked Students (raw)'!$C$2:$C$824<>"")*(('Picked Students (raw)'!$C$2:$C$824-$E4)<300)),SUMPRODUCT(('Picked Students (raw)'!$B$2:$B$824=$C4)*('Picked Students (raw)'!$D$2:$D$824=$D4)*('Picked Students (raw)'!$C$2:$C$824<>"")*(('Picked Students (raw)'!$C$2:$C$824-$E4)<300)))))) | AB4: =IF($A4="","",IF(AA4="-","-",IF($G4=0,0,AA4/$G4))) | AC4: =IF($A4="","",IF($E4="","",IF(TODAY()<$E4+330,"-",IF($D4="",SUMPRODUCT(('Picked Students (raw)'!$B$2:$B$824=$C4)*('Picked Students (raw)'!$C$2:$C$824<>"")*(('Picked Students (raw)'!$C$2:$C$824-$E4)<330)),SUMPRODUCT(('Picked Students (raw)'!$B$2:$B$824=$C4)*('Picked Students (raw)'!$D$2:$D$824=$D4)*('Picked Students (raw)'!$C$2:$C$824<>"")*(('Picked Students (raw)'!$C$2:$C$824-$E4)<330)))))) | AD4: =IF($A4="","",IF(AC4="-","-",IF($G4=0,0,AC4/$G4))) | AE4: =IF($A4="","",IF($E4="","",IF(TODAY()<$E4+360,"-",IF($D4="",SUMPRODUCT(('Picked Students (raw)'!$B$2:$B$824=$C4)*('Picked Students (raw)'!$C$2:$C$824<>"")*(('Picked Students (raw)'!$C$2:$C$824-$E4)<360)),SUMPRODUCT(('Picked Students (raw)'!$B$2:$B$824=$C4)*('Picked Students (raw)'!$D$2:$D$824=$D4)*('Picked Students (raw)'!$C$2:$C$824<>"")*(('Picked Students (raw)'!$C$2:$C$824-$E4)<360)))))) | AF4: =IF($A4="","",IF(AE4="-","-",IF($G4=0,0,AE4/$G4))) | AG4: =IF($A4="","",IF($E4="","",IF(TODAY()<$E4+390,"-",IF($D4="",SUMPRODUCT(('Picked Students (raw)'!$B$2:$B$824=$C4)*('Picked Students (raw)'!$C$2:$C$824<>"")*(('Picked Students (raw)'!$C$2:$C$824-$E4)<390)),SUMPRODUCT(('Picked Students (raw)'!$B$2:$B$824=$C4)*('Picked Students (raw)'!$D$2:$D$824=$D4)*('Picked Students (raw)'!$C$2:$C$824<>"")*(('Picked Students (raw)'!$C$2:$C$824-$E4)<390)))))) | AH4: =IF($A4="","",IF(AG4="-","-",IF($G4=0,0,AG4/$G4))) | AI4: =IF($A4="","",IF($E4="","",IF(TODAY()<$E4+420,"-",IF($D4="",SUMPRODUCT(('Picked Students (raw)'!$B$2:$B$824=$C4)*('Picked Students (raw)'!$C$2:$C$824<>"")*(('Picked Students (raw)'!$C$2:$C$824-$E4)<420)),SUMPRODUCT(('Picked Students (raw)'!$B$2:$B$824=$C4)*('Picked Students (raw)'!$D$2:$D$824=$D4)*('Picked Students (raw)'!$C$2:$C$824<>"")*(('Picked Students (raw)'!$C$2:$C$824-$E4)<420)))))) | AJ4: =IF($A4="","",IF(AI4="-","-",IF($G4=0,0,AI4/$G4))) | AK4: =IF($A4="","",IF($E4="","",IF(TODAY()<$E4+450,"-",IF($D4="",SUMPRODUCT(('Picked Students (raw)'!$B$2:$B$824=$C4)*('Picked Students (raw)'!$C$2:$C$824<>"")*(('Picked Students (raw)'!$C$2:$C$824-$E4)<450)),SUMPRODUCT(('Picked Students (raw)'!$B$2:$B$824=$C4)*('Picked Students (raw)'!$D$2:$D$824=$D4)*('Picked Students (raw)'!$C$2:$C$824<>"")*(('Picked Students (raw)'!$C$2:$C$824-$E4)<450)))))) | AL4: =IF($A4="","",IF(AK4="-","-",IF($G4=0,0,AK4/$G4))) | AM4: =IF($A4="","",IF($E4="","",IF(TODAY()<$E4+480,"-",IF($D4="",SUMPRODUCT(('Picked Students (raw)'!$B$2:$B$824=$C4)*('Picked Students (raw)'!$C$2:$C$824<>"")*(('Picked Students (raw)'!$C$2:$C$824-$E4)<480)),SUMPRODUCT(('Picked Students (raw)'!$B$2:$B$824=$C4)*('Picked Students (raw)'!$D$2:$D$824=$D4)*('Picked Students (raw)'!$C$2:$C$824<>"")*(('Picked Students (raw)'!$C$2:$C$824-$E4)<480)))))) | AN4: =IF($A4="","",IF(AM4="-","-",IF($G4=0,0,AM4/$G4))) | AO4: =IF($A4="","",IF($E4="","",IF(TODAY()<$E4+510,"-",IF($D4="",SUMPRODUCT(('Picked Students (raw)'!$B$2:$B$824=$C4)*('Picked Students (raw)'!$C$2:$C$824<>"")*(('Picked Students (raw)'!$C$2:$C$824-$E4)<510)),SUMPRODUCT(('Picked Students (raw)'!$B$2:$B$824=$C4)*('Picked Students (raw)'!$D$2:$D$824=$D4)*('Picked Students (raw)'!$C$2:$C$824<>"")*(('Picked Students (raw)'!$C$2:$C$824-$E4)<510)))))) | AP4: =IF($A4="","",IF(AO4="-","-",IF($G4=0,0,AO4/$G4))) | AQ4: =IF($A4="","",IF($E4="","",IF(TODAY()<$E4+540,"-",IF($D4="",SUMPRODUCT(('Picked Students (raw)'!$B$2:$B$824=$C4)*('Picked Students (raw)'!$C$2:$C$824<>"")*(('Picked Students (raw)'!$C$2:$C$824-$E4)<540)),SUMPRODUCT(('Picked Students (raw)'!$B$2:$B$824=$C4)*('Picked Students (raw)'!$D$2:$D$824=$D4)*('Picked Students (raw)'!$C$2:$C$824<>"")*(('Picked Students (raw)'!$C$2:$C$824-$E4)<540)))))) | AR4: =IF($A4="","",IF(AQ4="-","-",IF($G4=0,0,AQ4/$G4))) | AS4: =IF($A4="","",IF(AQ4="-","-",$H4-AQ4))
A5: Professional Certificate Course In Data Science - July 2023 | B5: =IF($A5="","",IFERROR(IF(INDEX('Batch Enrollment (Metabase)'!$C$2:$C$47,MATCH($A5,'Batch Enrollment (Metabase)'!$A$2:$A$47,0))="GEM","A",IF(INDEX('Batch Enrollment (Metabase)'!$C$2:$C$47,MATCH($A5,'Batch Enrollment (Metabase)'!$A$2:$A$47,0))="Non-GEM","B","")),"")) | C5: =IF($A5="","",IFERROR(INDEX('Batch Enrollment (Metabase)'!$B$2:$B$47,MATCH($A5,'Batch Enrollment (Metabase)'!$A$2:$A$47,0)),"")) | D5: =IF($A5="","",IFERROR(INDEX('Batch Enrollment (Metabase)'!$C$2:$C$47,MATCH($A5,'Batch Enrollment (Metabase)'!$A$2:$A$47,0)),"")) | E5: =IF($A5="","",IFERROR(INDEX('Batch Enrollment (Metabase)'!$D$2:$D$47,MATCH($A5,'Batch Enrollment (Metabase)'!$A$2:$A$47,0)),"")) | F5: =IF($A5="","",IFERROR(INDEX('Batch Enrollment (Metabase)'!$E$2:$E$47,MATCH($A5,'Batch Enrollment (Metabase)'!$A$2:$A$47,0)),"")) | G5: =IF($A5="","",IFERROR(INDEX('Batch Enrollment (Metabase)'!$F$2:$F$47,MATCH($A5,'Batch Enrollment (Metabase)'!$A$2:$A$47,0)),"")) | H5: =IF($A5="","",IF($D5="",COUNTIF('Picked Students (raw)'!$B$2:$B$824,$C5),COUNTIFS('Picked Students (raw)'!$B$2:$B$824,$C5,'Picked Students (raw)'!$D$2:$D$824,$D5))) | I5: =IF($A5="","",IF($E5="","",IF(TODAY()<$E5+30,"-",IF($D5="",SUMPRODUCT(('Picked Students (raw)'!$B$2:$B$824=$C5)*('Picked Students (raw)'!$C$2:$C$824<>"")*(('Picked Students (raw)'!$C$2:$C$824-$E5)<30)),SUMPRODUCT(('Picked Students (raw)'!$B$2:$B$824=$C5)*('Picked Students (raw)'!$D$2:$D$824=$D5)*('Picked Students (raw)'!$C$2:$C$824<>"")*(('Picked Students (raw)'!$C$2:$C$824-$E5)<30)))))) | J5: =IF($A5="","",IF(I5="-","-",IF($G5=0,0,I5/$G5))) | K5: =IF($A5="","",IF($E5="","",IF(TODAY()<$E5+60,"-",IF($D5="",SUMPRODUCT(('Picked Students (raw)'!$B$2:$B$824=$C5)*('Picked Students (raw)'!$C$2:$C$824<>"")*(('Picked Students (raw)'!$C$2:$C$824-$E5)<60)),SUMPRODUCT(('Picked Students (raw)'!$B$2:$B$824=$C5)*('Picked Students (raw)'!$D$2:$D$824=$D5)*('Picked Students (raw)'!$C$2:$C$824<>"")*(('Picked Students (raw)'!$C$2:$C$824-$E5)<60)))))) | L5: =IF($A5="","",IF(K5="-","-",IF($G5=0,0,K5/$G5))) | M5: =IF($A5="","",IF($E5="","",IF(TODAY()<$E5+90,"-",IF($D5="",SUMPRODUCT(('Picked Students (raw)'!$B$2:$B$824=$C5)*('Picked Students (raw)'!$C$2:$C$824<>"")*(('Picked Students (raw)'!$C$2:$C$824-$E5)<90)),SUMPRODUCT(('Picked Students (raw)'!$B$2:$B$824=$C5)*('Picked Students (raw)'!$D$2:$D$824=$D5)*('Picked Students (raw)'!$C$2:$C$824<>"")*(('Picked Students (raw)'!$C$2:$C$824-$E5)<90)))))) | N5: =IF($A5="","",IF(M5="-","-",IF($G5=0,0,M5/$G5))) | O5: =IF($A5="","",IF($E5="","",IF(TODAY()<$E5+120,"-",IF($D5="",SUMPRODUCT(('Picked Students (raw)'!$B$2:$B$824=$C5)*('Picked Students (raw)'!$C$2:$C$824<>"")*(('Picked Students (raw)'!$C$2:$C$824-$E5)<120)),SUMPRODUCT(('Picked Students (raw)'!$B$2:$B$824=$C5)*('Picked Students (raw)'!$D$2:$D$824=$D5)*('Picked Students (raw)'!$C$2:$C$824<>"")*(('Picked Students (raw)'!$C$2:$C$824-$E5)<120)))))) | P5: =IF($A5="","",IF(O5="-","-",IF($G5=0,0,O5/$G5))) | Q5: =IF($A5="","",IF($E5="","",IF(TODAY()<$E5+150,"-",IF($D5="",SUMPRODUCT(('Picked Students (raw)'!$B$2:$B$824=$C5)*('Picked Students (raw)'!$C$2:$C$824<>"")*(('Picked Students (raw)'!$C$2:$C$824-$E5)<150)),SUMPRODUCT(('Picked Students (raw)'!$B$2:$B$824=$C5)*('Picked Students (raw)'!$D$2:$D$824=$D5)*('Picked Students (raw)'!$C$2:$C$824<>"")*(('Picked Students (raw)'!$C$2:$C$824-$E5)<150)))))) | R5: =IF($A5="","",IF(Q5="-","-",IF($G5=0,0,Q5/$G5))) | S5: =IF($A5="","",IF($E5="","",IF(TODAY()<$E5+180,"-",IF($D5="",SUMPRODUCT(('Picked Students (raw)'!$B$2:$B$824=$C5)*('Picked Students (raw)'!$C$2:$C$824<>"")*(('Picked Students (raw)'!$C$2:$C$824-$E5)<180)),SUMPRODUCT(('Picked Students (raw)'!$B$2:$B$824=$C5)*('Picked Students (raw)'!$D$2:$D$824=$D5)*('Picked Students (raw)'!$C$2:$C$824<>"")*(('Picked Students (raw)'!$C$2:$C$824-$E5)<180)))))) | T5: =IF($A5="","",IF(S5="-","-",IF($G5=0,0,S5/$G5))) | U5: =IF($A5="","",IF($E5="","",IF(TODAY()<$E5+210,"-",IF($D5="",SUMPRODUCT(('Picked Students (raw)'!$B$2:$B$824=$C5)*('Picked Students (raw)'!$C$2:$C$824<>"")*(('Picked Students (raw)'!$C$2:$C$824-$E5)<210)),SUMPRODUCT(('Picked Students (raw)'!$B$2:$B$824=$C5)*('Picked Students (raw)'!$D$2:$D$824=$D5)*('Picked Students (raw)'!$C$2:$C$824<>"")*(('Picked Students (raw)'!$C$2:$C$824-$E5)<210)))))) | V5: =IF($A5="","",IF(U5="-","-",IF($G5=0,0,U5/$G5))) | W5: =IF($A5="","",IF($E5="","",IF(TODAY()<$E5+240,"-",IF($D5="",SUMPRODUCT(('Picked Students (raw)'!$B$2:$B$824=$C5)*('Picked Students (raw)'!$C$2:$C$824<>"")*(('Picked Students (raw)'!$C$2:$C$824-$E5)<240)),SUMPRODUCT(('Picked Students (raw)'!$B$2:$B$824=$C5)*('Picked Students (raw)'!$D$2:$D$824=$D5)*('Picked Students (raw)'!$C$2:$C$824<>"")*(('Picked Students (raw)'!$C$2:$C$824-$E5)<240)))))) | X5: =IF($A5="","",IF(W5="-","-",IF($G5=0,0,W5/$G5))) | Y5: =IF($A5="","",IF($E5="","",IF(TODAY()<$E5+270,"-",IF($D5="",SUMPRODUCT(('Picked Students (raw)'!$B$2:$B$824=$C5)*('Picked Students (raw)'!$C$2:$C$824<>"")*(('Picked Students (raw)'!$C$2:$C$824-$E5)<270)),SUMPRODUCT(('Picked Students (raw)'!$B$2:$B$824=$C5)*('Picked Students (raw)'!$D$2:$D$824=$D5)*('Picked Students (raw)'!$C$2:$C$824<>"")*(('Picked Students (raw)'!$C$2:$C$824-$E5)<270)))))) | Z5: =IF($A5="","",IF(Y5="-","-",IF($G5=0,0,Y5/$G5))) | AA5: =IF($A5="","",IF($E5="","",IF(TODAY()<$E5+300,"-",IF($D5="",SUMPRODUCT(('Picked Students (raw)'!$B$2:$B$824=$C5)*('Picked Students (raw)'!$C$2:$C$824<>"")*(('Picked Students (raw)'!$C$2:$C$824-$E5)<300)),SUMPRODUCT(('Picked Students (raw)'!$B$2:$B$824=$C5)*('Picked Students (raw)'!$D$2:$D$824=$D5)*('Picked Students (raw)'!$C$2:$C$824<>"")*(('Picked Students (raw)'!$C$2:$C$824-$E5)<300)))))) | AB5: =IF($A5="","",IF(AA5="-","-",IF($G5=0,0,AA5/$G5))) | AC5: =IF($A5="","",IF($E5="","",IF(TODAY()<$E5+330,"-",IF($D5="",SUMPRODUCT(('Picked Students (raw)'!$B$2:$B$824=$C5)*('Picked Students (raw)'!$C$2:$C$824<>"")*(('Picked Students (raw)'!$C$2:$C$824-$E5)<330)),SUMPRODUCT(('Picked Students (raw)'!$B$2:$B$824=$C5)*('Picked Students (raw)'!$D$2:$D$824=$D5)*('Picked Students (raw)'!$C$2:$C$824<>"")*(('Picked Students (raw)'!$C$2:$C$824-$E5)<330)))))) | AD5: =IF($A5="","",IF(AC5="-","-",IF($G5=0,0,AC5/$G5))) | AE5: =IF($A5="","",IF($E5="","",IF(TODAY()<$E5+360,"-",IF($D5="",SUMPRODUCT(('Picked Students (raw)'!$B$2:$B$824=$C5)*('Picked Students (raw)'!$C$2:$C$824<>"")*(('Picked Students (raw)'!$C$2:$C$824-$E5)<360)),SUMPRODUCT(('Picked Students (raw)'!$B$2:$B$824=$C5)*('Picked Students (raw)'!$D$2:$D$824=$D5)*('Picked Students (raw)'!$C$2:$C$824<>"")*(('Picked Students (raw)'!$C$2:$C$824-$E5)<360)))))) | AF5: =IF($A5="","",IF(AE5="-","-",IF($G5=0,0,AE5/$G5))) | AG5: =IF($A5="","",IF($E5="","",IF(TODAY()<$E5+390,"-",IF($D5="",SUMPRODUCT(('Picked Students (raw)'!$B$2:$B$824=$C5)*('Picked Students (raw)'!$C$2:$C$824<>"")*(('Picked Students (raw)'!$C$2:$C$824-$E5)<390)),SUMPRODUCT(('Picked Students (raw)'!$B$2:$B$824=$C5)*('Picked Students (raw)'!$D$2:$D$824=$D5)*('Picked Students (raw)'!$C$2:$C$824<>"")*(('Picked Students (raw)'!$C$2:$C$824-$E5)<390)))))) | AH5: =IF($A5="","",IF(AG5="-","-",IF($G5=0,0,AG5/$G5))) | AI5: =IF($A5="","",IF($E5="","",IF(TODAY()<$E5+420,"-",IF($D5="",SUMPRODUCT(('Picked Students (raw)'!$B$2:$B$824=$C5)*('Picked Students (raw)'!$C$2:$C$824<>"")*(('Picked Students (raw)'!$C$2:$C$824-$E5)<420)),SUMPRODUCT(('Picked Students (raw)'!$B$2:$B$824=$C5)*('Picked Students (raw)'!$D$2:$D$824=$D5)*('Picked Students (raw)'!$C$2:$C$824<>"")*(('Picked Students (raw)'!$C$2:$C$824-$E5)<420)))))) | AJ5: =IF($A5="","",IF(AI5="-","-",IF($G5=0,0,AI5/$G5))) | AK5: =IF($A5="","",IF($E5="","",IF(TODAY()<$E5+450,"-",IF($D5="",SUMPRODUCT(('Picked Students (raw)'!$B$2:$B$824=$C5)*('Picked Students (raw)'!$C$2:$C$824<>"")*(('Picked Students (raw)'!$C$2:$C$824-$E5)<450)),SUMPRODUCT(('Picked Students (raw)'!$B$2:$B$824=$C5)*('Picked Students (raw)'!$D$2:$D$824=$D5)*('Picked Students (raw)'!$C$2:$C$824<>"")*(('Picked Students (raw)'!$C$2:$C$824-$E5)<450)))))) | AL5: =IF($A5="","",IF(AK5="-","-",IF($G5=0,0,AK5/$G5))) | AM5: =IF($A5="","",IF($E5="","",IF(TODAY()<$E5+480,"-",IF($D5="",SUMPRODUCT(('Picked Students (raw)'!$B$2:$B$824=$C5)*('Picked Students (raw)'!$C$2:$C$824<>"")*(('Picked Students (raw)'!$C$2:$C$824-$E5)<480)),SUMPRODUCT(('Picked Students (raw)'!$B$2:$B$824=$C5)*('Picked Students (raw)'!$D$2:$D$824=$D5)*('Picked Students (raw)'!$C$2:$C$824<>"")*(('Picked Students (raw)'!$C$2:$C$824-$E5)<480)))))) | AN5: =IF($A5="","",IF(AM5="-","-",IF($G5=0,0,AM5/$G5))) | AO5: =IF($A5="","",IF($E5="","",IF(TODAY()<$E5+510,"-",IF($D5="",SUMPRODUCT(('Picked Students (raw)'!$B$2:$B$824=$C5)*('Picked Students (raw)'!$C$2:$C$824<>"")*(('Picked Students (raw)'!$C$2:$C$824-$E5)<510)),SUMPRODUCT(('Picked Students (raw)'!$B$2:$B$824=$C5)*('Picked Students (raw)'!$D$2:$D$824=$D5)*('Picked Students (raw)'!$C$2:$C$824<>"")*(('Picked Students (raw)'!$C$2:$C$824-$E5)<510)))))) | AP5: =IF($A5="","",IF(AO5="-","-",IF($G5=0,0,AO5/$G5))) | AQ5: =IF($A5="","",IF($E5="","",IF(TODAY()<$E5+540,"-",IF($D5="",SUMPRODUCT(('Picked Students (raw)'!$B$2:$B$824=$C5)*('Picked Students (raw)'!$C$2:$C$824<>"")*(('Picked Students (raw)'!$C$2:$C$824-$E5)<540)),SUMPRODUCT(('Picked Students (raw)'!$B$2:$B$824=$C5)*('Picked Students (raw)'!$D$2:$D$824=$D5)*('Picked Students (raw)'!$C$2:$C$824<>"")*(('Picked Students (raw)'!$C$2:$C$824-$E5)<540)))))) | AR5: =IF($A5="","",IF(AQ5="-","-",IF($G5=0,0,AQ5/$G5))) | AS5: =IF($A5="","",IF(AQ5="-","-",$H5-AQ5))
A6: Professional Certificate Course In Data Science - July 2023 - August 2023 | B6: =IF($A6="","",IFERROR(IF(INDEX('Batch Enrollment (Metabase)'!$C$2:$C$47,MATCH($A6,'Batch Enrollment (Metabase)'!$A$2:$A$47,0))="GEM","A",IF(INDEX('Batch Enrollment (Metabase)'!$C$2:$C$47,MATCH($A6,'Batch Enrollment (Metabase)'!$A$2:$A$47,0))="Non-GEM","B","")),"")) | C6: =IF($A6="","",IFERROR(INDEX('Batch Enrollment (Metabase)'!$B$2:$B$47,MATCH($A6,'Batch Enrollment (Metabase)'!$A$2:$A$47,0)),"")) | D6: =IF($A6="","",IFERROR(INDEX('Batch Enrollment (Metabase)'!$C$2:$C$47,MATCH($A6,'Batch Enrollment (Metabase)'!$A$2:$A$47,0)),"")) | E6: =IF($A6="","",IFERROR(INDEX('Batch Enrollment (Metabase)'!$D$2:$D$47,MATCH($A6,'Batch Enrollment (Metabase)'!$A$2:$A$47,0)),"")) | F6: =IF($A6="","",IFERROR(INDEX('Batch Enrollment (Metabase)'!$E$2:$E$47,MATCH($A6,'Batch Enrollment (Metabase)'!$A$2:$A$47,0)),"")) | G6: =IF($A6="","",IFERROR(INDEX('Batch Enrollment (Metabase)'!$F$2:$F$47,MATCH($A6,'Batch Enrollment (Metabase)'!$A$2:$A$47,0)),"")) | H6: =IF($A6="","",IF($D6="",COUNTIF('Picked Students (raw)'!$B$2:$B$824,$C6),COUNTIFS('Picked Students (raw)'!$B$2:$B$824,$C6,'Picked Students (raw)'!$D$2:$D$824,$D6))) | I6: =IF($A6="","",IF($E6="","",IF(TODAY()<$E6+30,"-",IF($D6="",SUMPRODUCT(('Picked Students (raw)'!$B$2:$B$824=$C6)*('Picked Students (raw)'!$C$2:$C$824<>"")*(('Picked Students (raw)'!$C$2:$C$824-$E6)<30)),SUMPRODUCT(('Picked Students (raw)'!$B$2:$B$824=$C6)*('Picked Students (raw)'!$D$2:$D$824=$D6)*('Picked Students (raw)'!$C$2:$C$824<>"")*(('Picked Students (raw)'!$C$2:$C$824-$E6)<30)))))) | J6: =IF($A6="","",IF(I6="-","-",IF($G6=0,0,I6/$G6))) | K6: =IF($A6="","",IF($E6="","",IF(TODAY()<$E6+60,"-",IF($D6="",SUMPRODUCT(('Picked Students (raw)'!$B$2:$B$824=$C6)*('Picked Students (raw)'!$C$2:$C$824<>"")*(('Picked Students (raw)'!$C$2:$C$824-$E6)<60)),SUMPRODUCT(('Picked Students (raw)'!$B$2:$B$824=$C6)*('Picked Students (raw)'!$D$2:$D$824=$D6)*('Picked Students (raw)'!$C$2:$C$824<>"")*(('Picked Students (raw)'!$C$2:$C$824-$E6)<60)))))) | L6: =IF($A6="","",IF(K6="-","-",IF($G6=0,0,K6/$G6))) | M6: =IF($A6="","",IF($E6="","",IF(TODAY()<$E6+90,"-",IF($D6="",SUMPRODUCT(('Picked Students (raw)'!$B$2:$B$824=$C6)*('Picked Students (raw)'!$C$2:$C$824<>"")*(('Picked Students (raw)'!$C$2:$C$824-$E6)<90)),SUMPRODUCT(('Picked Students (raw)'!$B$2:$B$824=$C6)*('Picked Students (raw)'!$D$2:$D$824=$D6)*('Picked Students (raw)'!$C$2:$C$824<>"")*(('Picked Students (raw)'!$C$2:$C$824-$E6)<90)))))) | N6: =IF($A6="","",IF(M6="-","-",IF($G6=0,0,M6/$G6))) | O6: =IF($A6="","",IF($E6="","",IF(TODAY()<$E6+120,"-",IF($D6="",SUMPRODUCT(('Picked Students (raw)'!$B$2:$B$824=$C6)*('Picked Students (raw)'!$C$2:$C$824<>"")*(('Picked Students (raw)'!$C$2:$C$824-$E6)<120)),SUMPRODUCT(('Picked Students (raw)'!$B$2:$B$824=$C6)*('Picked Students (raw)'!$D$2:$D$824=$D6)*('Picked Students (raw)'!$C$2:$C$824<>"")*(('Picked Students (raw)'!$C$2:$C$824-$E6)<120)))))) | P6: =IF($A6="","",IF(O6="-","-",IF($G6=0,0,O6/$G6))) | Q6: =IF($A6="","",IF($E6="","",IF(TODAY()<$E6+150,"-",IF($D6="",SUMPRODUCT(('Picked Students (raw)'!$B$2:$B$824=$C6)*('Picked Students (raw)'!$C$2:$C$824<>"")*(('Picked Students (raw)'!$C$2:$C$824-$E6)<150)),SUMPRODUCT(('Picked Students (raw)'!$B$2:$B$824=$C6)*('Picked Students (raw)'!$D$2:$D$824=$D6)*('Picked Students (raw)'!$C$2:$C$824<>"")*(('Picked Students (raw)'!$C$2:$C$824-$E6)<150)))))) | R6: =IF($A6="","",IF(Q6="-","-",IF($G6=0,0,Q6/$G6))) | S6: =IF($A6="","",IF($E6="","",IF(TODAY()<$E6+180,"-",IF($D6="",SUMPRODUCT(('Picked Students (raw)'!$B$2:$B$824=$C6)*('Picked Students (raw)'!$C$2:$C$824<>"")*(('Picked Students (raw)'!$C$2:$C$824-$E6)<180)),SUMPRODUCT(('Picked Students (raw)'!$B$2:$B$824=$C6)*('Picked Students (raw)'!$D$2:$D$824=$D6)*('Picked Students (raw)'!$C$2:$C$824<>"")*(('Picked Students (raw)'!$C$2:$C$824-$E6)<180)))))) | T6: =IF($A6="","",IF(S6="-","-",IF($G6=0,0,S6/$G6))) | U6: =IF($A6="","",IF($E6="","",IF(TODAY()<$E6+210,"-",IF($D6="",SUMPRODUCT(('Picked Students (raw)'!$B$2:$B$824=$C6)*('Picked Students (raw)'!$C$2:$C$824<>"")*(('Picked Students (raw)'!$C$2:$C$824-$E6)<210)),SUMPRODUCT(('Picked Students (raw)'!$B$2:$B$824=$C6)*('Picked Students (raw)'!$D$2:$D$824=$D6)*('Picked Students (raw)'!$C$2:$C$824<>"")*(('Picked Students (raw)'!$C$2:$C$824-$E6)<210)))))) | V6: =IF($A6="","",IF(U6="-","-",IF($G6=0,0,U6/$G6))) | W6: =IF($A6="","",IF($E6="","",IF(TODAY()<$E6+240,"-",IF($D6="",SUMPRODUCT(('Picked Students (raw)'!$B$2:$B$824=$C6)*('Picked Students (raw)'!$C$2:$C$824<>"")*(('Picked Students (raw)'!$C$2:$C$824-$E6)<240)),SUMPRODUCT(('Picked Students (raw)'!$B$2:$B$824=$C6)*('Picked Students (raw)'!$D$2:$D$824=$D6)*('Picked Students (raw)'!$C$2:$C$824<>"")*(('Picked Students (raw)'!$C$2:$C$824-$E6)<240)))))) | X6: =IF($A6="","",IF(W6="-","-",IF($G6=0,0,W6/$G6))) | Y6: =IF($A6="","",IF($E6="","",IF(TODAY()<$E6+270,"-",IF($D6="",SUMPRODUCT(('Picked Students (raw)'!$B$2:$B$824=$C6)*('Picked Students (raw)'!$C$2:$C$824<>"")*(('Picked Students (raw)'!$C$2:$C$824-$E6)<270)),SUMPRODUCT(('Picked Students (raw)'!$B$2:$B$824=$C6)*('Picked Students (raw)'!$D$2:$D$824=$D6)*('Picked Students (raw)'!$C$2:$C$824<>"")*(('Picked Students (raw)'!$C$2:$C$824-$E6)<270)))))) | Z6: =IF($A6="","",IF(Y6="-","-",IF($G6=0,0,Y6/$G6))) | AA6: =IF($A6="","",IF($E6="","",IF(TODAY()<$E6+300,"-",IF($D6="",SUMPRODUCT(('Picked Students (raw)'!$B$2:$B$824=$C6)*('Picked Students (raw)'!$C$2:$C$824<>"")*(('Picked Students (raw)'!$C$2:$C$824-$E6)<300)),SUMPRODUCT(('Picked Students (raw)'!$B$2:$B$824=$C6)*('Picked Students (raw)'!$D$2:$D$824=$D6)*('Picked Students (raw)'!$C$2:$C$824<>"")*(('Picked Students (raw)'!$C$2:$C$824-$E6)<300)))))) | AB6: =IF($A6="","",IF(AA6="-","-",IF($G6=0,0,AA6/$G6))) | AC6: =IF($A6="","",IF($E6="","",IF(TODAY()<$E6+330,"-",IF($D6="",SUMPRODUCT(('Picked Students (raw)'!$B$2:$B$824=$C6)*('Picked Students (raw)'!$C$2:$C$824<>"")*(('Picked Students (raw)'!$C$2:$C$824-$E6)<330)),SUMPRODUCT(('Picked Students (raw)'!$B$2:$B$824=$C6)*('Picked Students (raw)'!$D$2:$D$824=$D6)*('Picked Students (raw)'!$C$2:$C$824<>"")*(('Picked Students (raw)'!$C$2:$C$824-$E6)<330)))))) | AD6: =IF($A6="","",IF(AC6="-","-",IF($G6=0,0,AC6/$G6))) | AE6: =IF($A6="","",IF($E6="","",IF(TODAY()<$E6+360,"-",IF($D6="",SUMPRODUCT(('Picked Students (raw)'!$B$2:$B$824=$C6)*('Picked Students (raw)'!$C$2:$C$824<>"")*(('Picked Students (raw)'!$C$2:$C$824-$E6)<360)),SUMPRODUCT(('Picked Students (raw)'!$B$2:$B$824=$C6)*('Picked Students (raw)'!$D$2:$D$824=$D6)*('Picked Students (raw)'!$C$2:$C$824<>"")*(('Picked Students (raw)'!$C$2:$C$824-$E6)<360)))))) | AF6: =IF($A6="","",IF(AE6="-","-",IF($G6=0,0,AE6/$G6))) | AG6: =IF($A6="","",IF($E6="","",IF(TODAY()<$E6+390,"-",IF($D6="",SUMPRODUCT(('Picked Students (raw)'!$B$2:$B$824=$C6)*('Picked Students (raw)'!$C$2:$C$824<>"")*(('Picked Students (raw)'!$C$2:$C$824-$E6)<390)),SUMPRODUCT(('Picked Students (raw)'!$B$2:$B$824=$C6)*('Picked Students (raw)'!$D$2:$D$824=$D6)*('Picked Students (raw)'!$C$2:$C$824<>"")*(('Picked Students (raw)'!$C$2:$C$824-$E6)<390)))))) | AH6: =IF($A6="","",IF(AG6="-","-",IF($G6=0,0,AG6/$G6))) | AI6: =IF($A6="","",IF($E6="","",IF(TODAY()<$E6+420,"-",IF($D6="",SUMPRODUCT(('Picked Students (raw)'!$B$2:$B$824=$C6)*('Picked Students (raw)'!$C$2:$C$824<>"")*(('Picked Students (raw)'!$C$2:$C$824-$E6)<420)),SUMPRODUCT(('Picked Students (raw)'!$B$2:$B$824=$C6)*('Picked Students (raw)'!$D$2:$D$824=$D6)*('Picked Students (raw)'!$C$2:$C$824<>"")*(('Picked Students (raw)'!$C$2:$C$824-$E6)<420)))))) | AJ6: =IF($A6="","",IF(AI6="-","-",IF($G6=0,0,AI6/$G6))) | AK6: =IF($A6="","",IF($E6="","",IF(TODAY()<$E6+450,"-",IF($D6="",SUMPRODUCT(('Picked Students (raw)'!$B$2:$B$824=$C6)*('Picked Students (raw)'!$C$2:$C$824<>"")*(('Picked Students (raw)'!$C$2:$C$824-$E6)<450)),SUMPRODUCT(('Picked Students (raw)'!$B$2:$B$824=$C6)*('Picked Students (raw)'!$D$2:$D$824=$D6)*('Picked Students (raw)'!$C$2:$C$824<>"")*(('Picked Students (raw)'!$C$2:$C$824-$E6)<450)))))) | AL6: =IF($A6="","",IF(AK6="-","-",IF($G6=0,0,AK6/$G6))) | AM6: =IF($A6="","",IF($E6="","",IF(TODAY()<$E6+480,"-",IF($D6="",SUMPRODUCT(('Picked Students (raw)'!$B$2:$B$824=$C6)*('Picked Students (raw)'!$C$2:$C$824<>"")*(('Picked Students (raw)'!$C$2:$C$824-$E6)<480)),SUMPRODUCT(('Picked Students (raw)'!$B$2:$B$824=$C6)*('Picked Students (raw)'!$D$2:$D$824=$D6)*('Picked Students (raw)'!$C$2:$C$824<>"")*(('Picked Students (raw)'!$C$2:$C$824-$E6)<480)))))) | AN6: =IF($A6="","",IF(AM6="-","-",IF($G6=0,0,AM6/$G6))) | AO6: =IF($A6="","",IF($E6="","",IF(TODAY()<$E6+510,"-",IF($D6="",SUMPRODUCT(('Picked Students (raw)'!$B$2:$B$824=$C6)*('Picked Students (raw)'!$C$2:$C$824<>"")*(('Picked Students (raw)'!$C$2:$C$824-$E6)<510)),SUMPRODUCT(('Picked Students (raw)'!$B$2:$B$824=$C6)*('Picked Students (raw)'!$D$2:$D$824=$D6)*('Picked Students (raw)'!$C$2:$C$824<>"")*(('Picked Students (raw)'!$C$2:$C$824-$E6)<510)))))) | AP6: =IF($A6="","",IF(AO6="-","-",IF($G6=0,0,AO6/$G6))) | AQ6: =IF($A6="","",IF($E6="","",IF(TODAY()<$E6+540,"-",IF($D6="",SUMPRODUCT(('Picked Students (raw)'!$B$2:$B$824=$C6)*('Picked Students (raw)'!$C$2:$C$824<>"")*(('Picked Students (raw)'!$C$2:$C$824-$E6)<540)),SUMPRODUCT(('Picked Students (raw)'!$B$2:$B$824=$C6)*('Picked Students (raw)'!$D$2:$D$824=$D6)*('Picked Students (raw)'!$C$2:$C$824<>"")*(('Picked Students (raw)'!$C$2:$C$824-$E6)<540)))))) | AR6: =IF($A6="","",IF(AQ6="-","-",IF($G6=0,0,AQ6/$G6))) | AS6: =IF($A6="","",IF(AQ6="-","-",$H6-AQ6))
A7: Professional Certificate Course In Data Science - August 2023 | B7: =IF($A7="","",IFERROR(IF(INDEX('Batch Enrollment (Metabase)'!$C$2:$C$47,MATCH($A7,'Batch Enrollment (Metabase)'!$A$2:$A$47,0))="GEM","A",IF(INDEX('Batch Enrollment (Metabase)'!$C$2:$C$47,MATCH($A7,'Batch Enrollment (Metabase)'!$A$2:$A$47,0))="Non-GEM","B","")),"")) | C7: =IF($A7="","",IFERROR(INDEX('Batch Enrollment (Metabase)'!$B$2:$B$47,MATCH($A7,'Batch Enrollment (Metabase)'!$A$2:$A$47,0)),"")) | D7: =IF($A7="","",IFERROR(INDEX('Batch Enrollment (Metabase)'!$C$2:$C$47,MATCH($A7,'Batch Enrollment (Metabase)'!$A$2:$A$47,0)),"")) | E7: =IF($A7="","",IFERROR(INDEX('Batch Enrollment (Metabase)'!$D$2:$D$47,MATCH($A7,'Batch Enrollment (Metabase)'!$A$2:$A$47,0)),"")) | F7: =IF($A7="","",IFERROR(INDEX('Batch Enrollment (Metabase)'!$E$2:$E$47,MATCH($A7,'Batch Enrollment (Metabase)'!$A$2:$A$47,0)),"")) | G7: =IF($A7="","",IFERROR(INDEX('Batch Enrollment (Metabase)'!$F$2:$F$47,MATCH($A7,'Batch Enrollment (Metabase)'!$A$2:$A$47,0)),"")) | H7: =IF($A7="","",IF($D7="",COUNTIF('Picked Students (raw)'!$B$2:$B$824,$C7),COUNTIFS('Picked Students (raw)'!$B$2:$B$824,$C7,'Picked Students (raw)'!$D$2:$D$824,$D7))) | I7: =IF($A7="","",IF($E7="","",IF(TODAY()<$E7+30,"-",IF($D7="",SUMPRODUCT(('Picked Students (raw)'!$B$2:$B$824=$C7)*('Picked Students (raw)'!$C$2:$C$824<>"")*(('Picked Students (raw)'!$C$2:$C$824-$E7)<30)),SUMPRODUCT(('Picked Students (raw)'!$B$2:$B$824=$C7)*('Picked Students (raw)'!$D$2:$D$824=$D7)*('Picked Students (raw)'!$C$2:$C$824<>"")*(('Picked Students (raw)'!$C$2:$C$824-$E7)<30)))))) | J7: =IF($A7="","",IF(I7="-","-",IF($G7=0,0,I7/$G7))) | K7: =IF($A7="","",IF($E7="","",IF(TODAY()<$E7+60,"-",IF($D7="",SUMPRODUCT(('Picked Students (raw)'!$B$2:$B$824=$C7)*('Picked Students (raw)'!$C$2:$C$824<>"")*(('Picked Students (raw)'!$C$2:$C$824-$E7)<60)),SUMPRODUCT(('Picked Students (raw)'!$B$2:$B$824=$C7)*('Picked Students (raw)'!$D$2:$D$824=$D7)*('Picked Students (raw)'!$C$2:$C$824<>"")*(('Picked Students (raw)'!$C$2:$C$824-$E7)<60)))))) | L7: =IF($A7="","",IF(K7="-","-",IF($G7=0,0,K7/$G7))) | M7: =IF($A7="","",IF($E7="","",IF(TODAY()<$E7+90,"-",IF($D7="",SUMPRODUCT(('Picked Students (raw)'!$B$2:$B$824=$C7)*('Picked Students (raw)'!$C$2:$C$824<>"")*(('Picked Students (raw)'!$C$2:$C$824-$E7)<90)),SUMPRODUCT(('Picked Students (raw)'!$B$2:$B$824=$C7)*('Picked Students (raw)'!$D$2:$D$824=$D7)*('Picked Students (raw)'!$C$2:$C$824<>"")*(('Picked Students (raw)'!$C$2:$C$824-$E7)<90)))))) | N7: =IF($A7="","",IF(M7="-","-",IF($G7=0,0,M7/$G7))) | O7: =IF($A7="","",IF($E7="","",IF(TODAY()<$E7+120,"-",IF($D7="",SUMPRODUCT(('Picked Students (raw)'!$B$2:$B$824=$C7)*('Picked Students (raw)'!$C$2:$C$824<>"")*(('Picked Students (raw)'!$C$2:$C$824-$E7)<120)),SUMPRODUCT(('Picked Students (raw)'!$B$2:$B$824=$C7)*('Picked Students (raw)'!$D$2:$D$824=$D7)*('Picked Students (raw)'!$C$2:$C$824<>"")*(('Picked Students (raw)'!$C$2:$C$824-$E7)<120)))))) | P7: =IF($A7="","",IF(O7="-","-",IF($G7=0,0,O7/$G7))) | Q7: =IF($A7="","",IF($E7="","",IF(TODAY()<$E7+150,"-",IF($D7="",SUMPRODUCT(('Picked Students (raw)'!$B$2:$B$824=$C7)*('Picked Students (raw)'!$C$2:$C$824<>"")*(('Picked Students (raw)'!$C$2:$C$824-$E7)<150)),SUMPRODUCT(('Picked Students (raw)'!$B$2:$B$824=$C7)*('Picked Students (raw)'!$D$2:$D$824=$D7)*('Picked Students (raw)'!$C$2:$C$824<>"")*(('Picked Students (raw)'!$C$2:$C$824-$E7)<150)))))) | R7: =IF($A7="","",IF(Q7="-","-",IF($G7=0,0,Q7/$G7))) | S7: =IF($A7="","",IF($E7="","",IF(TODAY()<$E7+180,"-",IF($D7="",SUMPRODUCT(('Picked Students (raw)'!$B$2:$B$824=$C7)*('Picked Students (raw)'!$C$2:$C$824<>"")*(('Picked Students (raw)'!$C$2:$C$824-$E7)<180)),SUMPRODUCT(('Picked Students (raw)'!$B$2:$B$824=$C7)*('Picked Students (raw)'!$D$2:$D$824=$D7)*('Picked Students (raw)'!$C$2:$C$824<>"")*(('Picked Students (raw)'!$C$2:$C$824-$E7)<180)))))) | T7: =IF($A7="","",IF(S7="-","-",IF($G7=0,0,S7/$G7))) | U7: =IF($A7="","",IF($E7="","",IF(TODAY()<$E7+210,"-",IF($D7="",SUMPRODUCT(('Picked Students (raw)'!$B$2:$B$824=$C7)*('Picked Students (raw)'!$C$2:$C$824<>"")*(('Picked Students (raw)'!$C$2:$C$824-$E7)<210)),SUMPRODUCT(('Picked Students (raw)'!$B$2:$B$824=$C7)*('Picked Students (raw)'!$D$2:$D$824=$D7)*('Picked Students (raw)'!$C$2:$C$824<>"")*(('Picked Students (raw)'!$C$2:$C$824-$E7)<210)))))) | V7: =IF($A7="","",IF(U7="-","-",IF($G7=0,0,U7/$G7))) | W7: =IF($A7="","",IF($E7="","",IF(TODAY()<$E7+240,"-",IF($D7="",SUMPRODUCT(('Picked Students (raw)'!$B$2:$B$824=$C7)*('Picked Students (raw)'!$C$2:$C$824<>"")*(('Picked Students (raw)'!$C$2:$C$824-$E7)<240)),SUMPRODUCT(('Picked Students (raw)'!$B$2:$B$824=$C7)*('Picked Students (raw)'!$D$2:$D$824=$D7)*('Picked Students (raw)'!$C$2:$C$824<>"")*(('Picked Students (raw)'!$C$2:$C$824-$E7)<240)))))) | X7: =IF($A7="","",IF(W7="-","-",IF($G7=0,0,W7/$G7))) | Y7: =IF($A7="","",IF($E7="","",IF(TODAY()<$E7+270,"-",IF($D7="",SUMPRODUCT(('Picked Students (raw)'!$B$2:$B$824=$C7)*('Picked Students (raw)'!$C$2:$C$824<>"")*(('Picked Students (raw)'!$C$2:$C$824-$E7)<270)),SUMPRODUCT(('Picked Students (raw)'!$B$2:$B$824=$C7)*('Picked Students (raw)'!$D$2:$D$824=$D7)*('Picked Students (raw)'!$C$2:$C$824<>"")*(('Picked Students (raw)'!$C$2:$C$824-$E7)<270)))))) | Z7: =IF($A7="","",IF(Y7="-","-",IF($G7=0,0,Y7/$G7))) | AA7: =IF($A7="","",IF($E7="","",IF(TODAY()<$E7+300,"-",IF($D7="",SUMPRODUCT(('Picked Students (raw)'!$B$2:$B$824=$C7)*('Picked Students (raw)'!$C$2:$C$824<>"")*(('Picked Students (raw)'!$C$2:$C$824-$E7)<300)),SUMPRODUCT(('Picked Students (raw)'!$B$2:$B$824=$C7)*('Picked Students (raw)'!$D$2:$D$824=$D7)*('Picked Students (raw)'!$C$2:$C$824<>"")*(('Picked Students (raw)'!$C$2:$C$824-$E7)<300)))))) | AB7: =IF($A7="","",IF(AA7="-","-",IF($G7=0,0,AA7/$G7))) | AC7: =IF($A7="","",IF($E7="","",IF(TODAY()<$E7+330,"-",IF($D7="",SUMPRODUCT(('Picked Students (raw)'!$B$2:$B$824=$C7)*('Picked Students (raw)'!$C$2:$C$824<>"")*(('Picked Students (raw)'!$C$2:$C$824-$E7)<330)),SUMPRODUCT(('Picked Students (raw)'!$B$2:$B$824=$C7)*('Picked Students (raw)'!$D$2:$D$824=$D7)*('Picked Students (raw)'!$C$2:$C$824<>"")*(('Picked Students (raw)'!$C$2:$C$824-$E7)<330)))))) | AD7: =IF($A7="","",IF(AC7="-","-",IF($G7=0,0,AC7/$G7))) | AE7: =IF($A7="","",IF($E7="","",IF(TODAY()<$E7+360,"-",IF($D7="",SUMPRODUCT(('Picked Students (raw)'!$B$2:$B$824=$C7)*('Picked Students (raw)'!$C$2:$C$824<>"")*(('Picked Students (raw)'!$C$2:$C$824-$E7)<360)),SUMPRODUCT(('Picked Students (raw)'!$B$2:$B$824=$C7)*('Picked Students (raw)'!$D$2:$D$824=$D7)*('Picked Students (raw)'!$C$2:$C$824<>"")*(('Picked Students (raw)'!$C$2:$C$824-$E7)<360)))))) | AF7: =IF($A7="","",IF(AE7="-","-",IF($G7=0,0,AE7/$G7))) | AG7: =IF($A7="","",IF($E7="","",IF(TODAY()<$E7+390,"-",IF($D7="",SUMPRODUCT(('Picked Students (raw)'!$B$2:$B$824=$C7)*('Picked Students (raw)'!$C$2:$C$824<>"")*(('Picked Students (raw)'!$C$2:$C$824-$E7)<390)),SUMPRODUCT(('Picked Students (raw)'!$B$2:$B$824=$C7)*('Picked Students (raw)'!$D$2:$D$824=$D7)*('Picked Students (raw)'!$C$2:$C$824<>"")*(('Picked Students (raw)'!$C$2:$C$824-$E7)<390)))))) | AH7: =IF($A7="","",IF(AG7="-","-",IF($G7=0,0,AG7/$G7))) | AI7: =IF($A7="","",IF($E7="","",IF(TODAY()<$E7+420,"-",IF($D7="",SUMPRODUCT(('Picked Students (raw)'!$B$2:$B$824=$C7)*('Picked Students (raw)'!$C$2:$C$824<>"")*(('Picked Students (raw)'!$C$2:$C$824-$E7)<420)),SUMPRODUCT(('Picked Students (raw)'!$B$2:$B$824=$C7)*('Picked Students (raw)'!$D$2:$D$824=$D7)*('Picked Students (raw)'!$C$2:$C$824<>"")*(('Picked Students (raw)'!$C$2:$C$824-$E7)<420)))))) | AJ7: =IF($A7="","",IF(AI7="-","-",IF($G7=0,0,AI7/$G7))) | AK7: =IF($A7="","",IF($E7="","",IF(TODAY()<$E7+450,"-",IF($D7="",SUMPRODUCT(('Picked Students (raw)'!$B$2:$B$824=$C7)*('Picked Students (raw)'!$C$2:$C$824<>"")*(('Picked Students (raw)'!$C$2:$C$824-$E7)<450)),SUMPRODUCT(('Picked Students (raw)'!$B$2:$B$824=$C7)*('Picked Students (raw)'!$D$2:$D$824=$D7)*('Picked Students (raw)'!$C$2:$C$824<>"")*(('Picked Students (raw)'!$C$2:$C$824-$E7)<450)))))) | AL7: =IF($A7="","",IF(AK7="-","-",IF($G7=0,0,AK7/$G7))) | AM7: =IF($A7="","",IF($E7="","",IF(TODAY()<$E7+480,"-",IF($D7="",SUMPRODUCT(('Picked Students (raw)'!$B$2:$B$824=$C7)*('Picked Students (raw)'!$C$2:$C$824<>"")*(('Picked Students (raw)'!$C$2:$C$824-$E7)<480)),SUMPRODUCT(('Picked Students (raw)'!$B$2:$B$824=$C7)*('Picked Students (raw)'!$D$2:$D$824=$D7)*('Picked Students (raw)'!$C$2:$C$824<>"")*(('Picked Students (raw)'!$C$2:$C$824-$E7)<480)))))) | AN7: =IF($A7="","",IF(AM7="-","-",IF($G7=0,0,AM7/$G7))) | AO7: =IF($A7="","",IF($E7="","",IF(TODAY()<$E7+510,"-",IF($D7="",SUMPRODUCT(('Picked Students (raw)'!$B$2:$B$824=$C7)*('Picked Students (raw)'!$C$2:$C$824<>"")*(('Picked Students (raw)'!$C$2:$C$824-$E7)<510)),SUMPRODUCT(('Picked Students (raw)'!$B$2:$B$824=$C7)*('Picked Students (raw)'!$D$2:$D$824=$D7)*('Picked Students (raw)'!$C$2:$C$824<>"")*(('Picked Students (raw)'!$C$2:$C$824-$E7)<510)))))) | AP7: =IF($A7="","",IF(AO7="-","-",IF($G7=0,0,AO7/$G7))) | AQ7: =IF($A7="","",IF($E7="","",IF(TODAY()<$E7+540,"-",IF($D7="",SUMPRODUCT(('Picked Students (raw)'!$B$2:$B$824=$C7)*('Picked Students (raw)'!$C$2:$C$824<>"")*(('Picked Students (raw)'!$C$2:$C$824-$E7)<540)),SUMPRODUCT(('Picked Students (raw)'!$B$2:$B$824=$C7)*('Picked Students (raw)'!$D$2:$D$824=$D7)*('Picked Students (raw)'!$C$2:$C$824<>"")*(('Picked Students (raw)'!$C$2:$C$824-$E7)<540)))))) | AR7: =IF($A7="","",IF(AQ7="-","-",IF($G7=0,0,AQ7/$G7))) | AS7: =IF($A7="","",IF(AQ7="-","-",$H7-AQ7))
A8: Professional Certificate Course In Data Science - September 2023 | B8: =IF($A8="","",IFERROR(IF(INDEX('Batch Enrollment (Metabase)'!$C$2:$C$47,MATCH($A8,'Batch Enrollment (Metabase)'!$A$2:$A$47,0))="GEM","A",IF(INDEX('Batch Enrollment (Metabase)'!$C$2:$C$47,MATCH($A8,'Batch Enrollment (Metabase)'!$A$2:$A$47,0))="Non-GEM","B","")),"")) | C8: =IF($A8="","",IFERROR(INDEX('Batch Enrollment (Metabase)'!$B$2:$B$47,MATCH($A8,'Batch Enrollment (Metabase)'!$A$2:$A$47,0)),"")) | D8: =IF($A8="","",IFERROR(INDEX('Batch Enrollment (Metabase)'!$C$2:$C$47,MATCH($A8,'Batch Enrollment (Metabase)'!$A$2:$A$47,0)),"")) | E8: =IF($A8="","",IFERROR(INDEX('Batch Enrollment (Metabase)'!$D$2:$D$47,MATCH($A8,'Batch Enrollment (Metabase)'!$A$2:$A$47,0)),"")) | F8: =IF($A8="","",IFERROR(INDEX('Batch Enrollment (Metabase)'!$E$2:$E$47,MATCH($A8,'Batch Enrollment (Metabase)'!$A$2:$A$47,0)),"")) | G8: =IF($A8="","",IFERROR(INDEX('Batch Enrollment (Metabase)'!$F$2:$F$47,MATCH($A8,'Batch Enrollment (Metabase)'!$A$2:$A$47,0)),"")) | H8: =IF($A8="","",IF($D8="",COUNTIF('Picked Students (raw)'!$B$2:$B$824,$C8),COUNTIFS('Picked Students (raw)'!$B$2:$B$824,$C8,'Picked Students (raw)'!$D$2:$D$824,$D8))) | I8: =IF($A8="","",IF($E8="","",IF(TODAY()<$E8+30,"-",IF($D8="",SUMPRODUCT(('Picked Students (raw)'!$B$2:$B$824=$C8)*('Picked Students (raw)'!$C$2:$C$824<>"")*(('Picked Students (raw)'!$C$2:$C$824-$E8)<30)),SUMPRODUCT(('Picked Students (raw)'!$B$2:$B$824=$C8)*('Picked Students (raw)'!$D$2:$D$824=$D8)*('Picked Students (raw)'!$C$2:$C$824<>"")*(('Picked Students (raw)'!$C$2:$C$824-$E8)<30)))))) | J8: =IF($A8="","",IF(I8="-","-",IF($G8=0,0,I8/$G8))) | K8: =IF($A8="","",IF($E8="","",IF(TODAY()<$E8+60,"-",IF($D8="",SUMPRODUCT(('Picked Students (raw)'!$B$2:$B$824=$C8)*('Picked Students (raw)'!$C$2:$C$824<>"")*(('Picked Students (raw)'!$C$2:$C$824-$E8)<60)),SUMPRODUCT(('Picked Students (raw)'!$B$2:$B$824=$C8)*('Picked Students (raw)'!$D$2:$D$824=$D8)*('Picked Students (raw)'!$C$2:$C$824<>"")*(('Picked Students (raw)'!$C$2:$C$824-$E8)<60)))))) | L8: =IF($A8="","",IF(K8="-","-",IF($G8=0,0,K8/$G8))) | M8: =IF($A8="","",IF($E8="","",IF(TODAY()<$E8+90,"-",IF($D8="",SUMPRODUCT(('Picked Students (raw)'!$B$2:$B$824=$C8)*('Picked Students (raw)'!$C$2:$C$824<>"")*(('Picked Students (raw)'!$C$2:$C$824-$E8)<90)),SUMPRODUCT(('Picked Students (raw)'!$B$2:$B$824=$C8)*('Picked Students (raw)'!$D$2:$D$824=$D8)*('Picked Students (raw)'!$C$2:$C$824<>"")*(('Picked Students (raw)'!$C$2:$C$824-$E8)<90)))))) | N8: =IF($A8="","",IF(M8="-","-",IF($G8=0,0,M8/$G8))) | O8: =IF($A8="","",IF($E8="","",IF(TODAY()<$E8+120,"-",IF($D8="",SUMPRODUCT(('Picked Students (raw)'!$B$2:$B$824=$C8)*('Picked Students (raw)'!$C$2:$C$824<>"")*(('Picked Students (raw)'!$C$2:$C$824-$E8)<120)),SUMPRODUCT(('Picked Students (raw)'!$B$2:$B$824=$C8)*('Picked Students (raw)'!$D$2:$D$824=$D8)*('Picked Students (raw)'!$C$2:$C$824<>"")*(('Picked Students (raw)'!$C$2:$C$824-$E8)<120)))))) | P8: =IF($A8="","",IF(O8="-","-",IF($G8=0,0,O8/$G8))) | Q8: =IF($A8="","",IF($E8="","",IF(TODAY()<$E8+150,"-",IF($D8="",SUMPRODUCT(('Picked Students (raw)'!$B$2:$B$824=$C8)*('Picked Students (raw)'!$C$2:$C$824<>"")*(('Picked Students (raw)'!$C$2:$C$824-$E8)<150)),SUMPRODUCT(('Picked Students (raw)'!$B$2:$B$824=$C8)*('Picked Students (raw)'!$D$2:$D$824=$D8)*('Picked Students (raw)'!$C$2:$C$824<>"")*(('Picked Students (raw)'!$C$2:$C$824-$E8)<150)))))) | R8: =IF($A8="","",IF(Q8="-","-",IF($G8=0,0,Q8/$G8))) | S8: =IF($A8="","",IF($E8="","",IF(TODAY()<$E8+180,"-",IF($D8="",SUMPRODUCT(('Picked Students (raw)'!$B$2:$B$824=$C8)*('Picked Students (raw)'!$C$2:$C$824<>"")*(('Picked Students (raw)'!$C$2:$C$824-$E8)<180)),SUMPRODUCT(('Picked Students (raw)'!$B$2:$B$824=$C8)*('Picked Students (raw)'!$D$2:$D$824=$D8)*('Picked Students (raw)'!$C$2:$C$824<>"")*(('Picked Students (raw)'!$C$2:$C$824-$E8)<180)))))) | T8: =IF($A8="","",IF(S8="-","-",IF($G8=0,0,S8/$G8))) | U8: =IF($A8="","",IF($E8="","",IF(TODAY()<$E8+210,"-",IF($D8="",SUMPRODUCT(('Picked Students (raw)'!$B$2:$B$824=$C8)*('Picked Students (raw)'!$C$2:$C$824<>"")*(('Picked Students (raw)'!$C$2:$C$824-$E8)<210)),SUMPRODUCT(('Picked Students (raw)'!$B$2:$B$824=$C8)*('Picked Students (raw)'!$D$2:$D$824=$D8)*('Picked Students (raw)'!$C$2:$C$824<>"")*(('Picked Students (raw)'!$C$2:$C$824-$E8)<210)))))) | V8: =IF($A8="","",IF(U8="-","-",IF($G8=0,0,U8/$G8))) | W8: =IF($A8="","",IF($E8="","",IF(TODAY()<$E8+240,"-",IF($D8="",SUMPRODUCT(('Picked Students (raw)'!$B$2:$B$824=$C8)*('Picked Students (raw)'!$C$2:$C$824<>"")*(('Picked Students (raw)'!$C$2:$C$824-$E8)<240)),SUMPRODUCT(('Picked Students (raw)'!$B$2:$B$824=$C8)*('Picked Students (raw)'!$D$2:$D$824=$D8)*('Picked Students (raw)'!$C$2:$C$824<>"")*(('Picked Students (raw)'!$C$2:$C$824-$E8)<240)))))) | X8: =IF($A8="","",IF(W8="-","-",IF($G8=0,0,W8/$G8))) | Y8: =IF($A8="","",IF($E8="","",IF(TODAY()<$E8+270,"-",IF($D8="",SUMPRODUCT(('Picked Students (raw)'!$B$2:$B$824=$C8)*('Picked Students (raw)'!$C$2:$C$824<>"")*(('Picked Students (raw)'!$C$2:$C$824-$E8)<270)),SUMPRODUCT(('Picked Students (raw)'!$B$2:$B$824=$C8)*('Picked Students (raw)'!$D$2:$D$824=$D8)*('Picked Students (raw)'!$C$2:$C$824<>"")*(('Picked Students (raw)'!$C$2:$C$824-$E8)<270)))))) | Z8: =IF($A8="","",IF(Y8="-","-",IF($G8=0,0,Y8/$G8))) | AA8: =IF($A8="","",IF($E8="","",IF(TODAY()<$E8+300,"-",IF($D8="",SUMPRODUCT(('Picked Students (raw)'!$B$2:$B$824=$C8)*('Picked Students (raw)'!$C$2:$C$824<>"")*(('Picked Students (raw)'!$C$2:$C$824-$E8)<300)),SUMPRODUCT(('Picked Students (raw)'!$B$2:$B$824=$C8)*('Picked Students (raw)'!$D$2:$D$824=$D8)*('Picked Students (raw)'!$C$2:$C$824<>"")*(('Picked Students (raw)'!$C$2:$C$824-$E8)<300)))))) | AB8: =IF($A8="","",IF(AA8="-","-",IF($G8=0,0,AA8/$G8))) | AC8: =IF($A8="","",IF($E8="","",IF(TODAY()<$E8+330,"-",IF($D8="",SUMPRODUCT(('Picked Students (raw)'!$B$2:$B$824=$C8)*('Picked Students (raw)'!$C$2:$C$824<>"")*(('Picked Students (raw)'!$C$2:$C$824-$E8)<330)),SUMPRODUCT(('Picked Students (raw)'!$B$2:$B$824=$C8)*('Picked Students (raw)'!$D$2:$D$824=$D8)*('Picked Students (raw)'!$C$2:$C$824<>"")*(('Picked Students (raw)'!$C$2:$C$824-$E8)<330)))))) | AD8: =IF($A8="","",IF(AC8="-","-",IF($G8=0,0,AC8/$G8))) | AE8: =IF($A8="","",IF($E8="","",IF(TODAY()<$E8+360,"-",IF($D8="",SUMPRODUCT(('Picked Students (raw)'!$B$2:$B$824=$C8)*('Picked Students (raw)'!$C$2:$C$824<>"")*(('Picked Students (raw)'!$C$2:$C$824-$E8)<360)),SUMPRODUCT(('Picked Students (raw)'!$B$2:$B$824=$C8)*('Picked Students (raw)'!$D$2:$D$824=$D8)*('Picked Students (raw)'!$C$2:$C$824<>"")*(('Picked Students (raw)'!$C$2:$C$824-$E8)<360)))))) | AF8: =IF($A8="","",IF(AE8="-","-",IF($G8=0,0,AE8/$G8))) | AG8: =IF($A8="","",IF($E8="","",IF(TODAY()<$E8+390,"-",IF($D8="",SUMPRODUCT(('Picked Students (raw)'!$B$2:$B$824=$C8)*('Picked Students (raw)'!$C$2:$C$824<>"")*(('Picked Students (raw)'!$C$2:$C$824-$E8)<390)),SUMPRODUCT(('Picked Students (raw)'!$B$2:$B$824=$C8)*('Picked Students (raw)'!$D$2:$D$824=$D8)*('Picked Students (raw)'!$C$2:$C$824<>"")*(('Picked Students (raw)'!$C$2:$C$824-$E8)<390)))))) | AH8: =IF($A8="","",IF(AG8="-","-",IF($G8=0,0,AG8/$G8))) | AI8: =IF($A8="","",IF($E8="","",IF(TODAY()<$E8+420,"-",IF($D8="",SUMPRODUCT(('Picked Students (raw)'!$B$2:$B$824=$C8)*('Picked Students (raw)'!$C$2:$C$824<>"")*(('Picked Students (raw)'!$C$2:$C$824-$E8)<420)),SUMPRODUCT(('Picked Students (raw)'!$B$2:$B$824=$C8)*('Picked Students (raw)'!$D$2:$D$824=$D8)*('Picked Students (raw)'!$C$2:$C$824<>"")*(('Picked Students (raw)'!$C$2:$C$824-$E8)<420)))))) | AJ8: =IF($A8="","",IF(AI8="-","-",IF($G8=0,0,AI8/$G8))) | AK8: =IF($A8="","",IF($E8="","",IF(TODAY()<$E8+450,"-",IF($D8="",SUMPRODUCT(('Picked Students (raw)'!$B$2:$B$824=$C8)*('Picked Students (raw)'!$C$2:$C$824<>"")*(('Picked Students (raw)'!$C$2:$C$824-$E8)<450)),SUMPRODUCT(('Picked Students (raw)'!$B$2:$B$824=$C8)*('Picked Students (raw)'!$D$2:$D$824=$D8)*('Picked Students (raw)'!$C$2:$C$824<>"")*(('Picked Students (raw)'!$C$2:$C$824-$E8)<450)))))) | AL8: =IF($A8="","",IF(AK8="-","-",IF($G8=0,0,AK8/$G8))) | AM8: =IF($A8="","",IF($E8="","",IF(TODAY()<$E8+480,"-",IF($D8="",SUMPRODUCT(('Picked Students (raw)'!$B$2:$B$824=$C8)*('Picked Students (raw)'!$C$2:$C$824<>"")*(('Picked Students (raw)'!$C$2:$C$824-$E8)<480)),SUMPRODUCT(('Picked Students (raw)'!$B$2:$B$824=$C8)*('Picked Students (raw)'!$D$2:$D$824=$D8)*('Picked Students (raw)'!$C$2:$C$824<>"")*(('Picked Students (raw)'!$C$2:$C$824-$E8)<480)))))) | AN8: =IF($A8="","",IF(AM8="-","-",IF($G8=0,0,AM8/$G8))) | AO8: =IF($A8="","",IF($E8="","",IF(TODAY()<$E8+510,"-",IF($D8="",SUMPRODUCT(('Picked Students (raw)'!$B$2:$B$824=$C8)*('Picked Students (raw)'!$C$2:$C$824<>"")*(('Picked Students (raw)'!$C$2:$C$824-$E8)<510)),SUMPRODUCT(('Picked Students (raw)'!$B$2:$B$824=$C8)*('Picked Students (raw)'!$D$2:$D$824=$D8)*('Picked Students (raw)'!$C$2:$C$824<>"")*(('Picked Students (raw)'!$C$2:$C$824-$E8)<510)))))) | AP8: =IF($A8="","",IF(AO8="-","-",IF($G8=0,0,AO8/$G8))) | AQ8: =IF($A8="","",IF($E8="","",IF(TODAY()<$E8+540,"-",IF($D8="",SUMPRODUCT(('Picked Students (raw)'!$B$2:$B$824=$C8)*('Picked Students (raw)'!$C$2:$C$824<>"")*(('Picked Students (raw)'!$C$2:$C$824-$E8)<540)),SUMPRODUCT(('Picked Students (raw)'!$B$2:$B$824=$C8)*('Picked Students (raw)'!$D$2:$D$824=$D8)*('Picked Students (raw)'!$C$2:$C$824<>"")*(('Picked Students (raw)'!$C$2:$C$824-$E8)<540)))))) | AR8: =IF($A8="","",IF(AQ8="-","-",IF($G8=0,0,AQ8/$G8))) | AS8: =IF($A8="","",IF(AQ8="-","-",$H8-AQ8))
A9: Professional Certificate Course In Data Science - October 2023 | B9: =IF($A9="","",IFERROR(IF(INDEX('Batch Enrollment (Metabase)'!$C$2:$C$47,MATCH($A9,'Batch Enrollment (Metabase)'!$A$2:$A$47,0))="GEM","A",IF(INDEX('Batch Enrollment (Metabase)'!$C$2:$C$47,MATCH($A9,'Batch Enrollment (Metabase)'!$A$2:$A$47,0))="Non-GEM","B","")),"")) | C9: =IF($A9="","",IFERROR(INDEX('Batch Enrollment (Metabase)'!$B$2:$B$47,MATCH($A9,'Batch Enrollment (Metabase)'!$A$2:$A$47,0)),"")) | D9: =IF($A9="","",IFERROR(INDEX('Batch Enrollment (Metabase)'!$C$2:$C$47,MATCH($A9,'Batch Enrollment (Metabase)'!$A$2:$A$47,0)),"")) | E9: =IF($A9="","",IFERROR(INDEX('Batch Enrollment (Metabase)'!$D$2:$D$47,MATCH($A9,'Batch Enrollment (Metabase)'!$A$2:$A$47,0)),"")) | F9: =IF($A9="","",IFERROR(INDEX('Batch Enrollment (Metabase)'!$E$2:$E$47,MATCH($A9,'Batch Enrollment (Metabase)'!$A$2:$A$47,0)),"")) | G9: =IF($A9="","",IFERROR(INDEX('Batch Enrollment (Metabase)'!$F$2:$F$47,MATCH($A9,'Batch Enrollment (Metabase)'!$A$2:$A$47,0)),"")) | H9: =IF($A9="","",IF($D9="",COUNTIF('Picked Students (raw)'!$B$2:$B$824,$C9),COUNTIFS('Picked Students (raw)'!$B$2:$B$824,$C9,'Picked Students (raw)'!$D$2:$D$824,$D9))) | I9: =IF($A9="","",IF($E9="","",IF(TODAY()<$E9+30,"-",IF($D9="",SUMPRODUCT(('Picked Students (raw)'!$B$2:$B$824=$C9)*('Picked Students (raw)'!$C$2:$C$824<>"")*(('Picked Students (raw)'!$C$2:$C$824-$E9)<30)),SUMPRODUCT(('Picked Students (raw)'!$B$2:$B$824=$C9)*('Picked Students (raw)'!$D$2:$D$824=$D9)*('Picked Students (raw)'!$C$2:$C$824<>"")*(('Picked Students (raw)'!$C$2:$C$824-$E9)<30)))))) | J9: =IF($A9="","",IF(I9="-","-",IF($G9=0,0,I9/$G9))) | K9: =IF($A9="","",IF($E9="","",IF(TODAY()<$E9+60,"-",IF($D9="",SUMPRODUCT(('Picked Students (raw)'!$B$2:$B$824=$C9)*('Picked Students (raw)'!$C$2:$C$824<>"")*(('Picked Students (raw)'!$C$2:$C$824-$E9)<60)),SUMPRODUCT(('Picked Students (raw)'!$B$2:$B$824=$C9)*('Picked Students (raw)'!$D$2:$D$824=$D9)*('Picked Students (raw)'!$C$2:$C$824<>"")*(('Picked Students (raw)'!$C$2:$C$824-$E9)<60)))))) | L9: =IF($A9="","",IF(K9="-","-",IF($G9=0,0,K9/$G9))) | M9: =IF($A9="","",IF($E9="","",IF(TODAY()<$E9+90,"-",IF($D9="",SUMPRODUCT(('Picked Students (raw)'!$B$2:$B$824=$C9)*('Picked Students (raw)'!$C$2:$C$824<>"")*(('Picked Students (raw)'!$C$2:$C$824-$E9)<90)),SUMPRODUCT(('Picked Students (raw)'!$B$2:$B$824=$C9)*('Picked Students (raw)'!$D$2:$D$824=$D9)*('Picked Students (raw)'!$C$2:$C$824<>"")*(('Picked Students (raw)'!$C$2:$C$824-$E9)<90)))))) | N9: =IF($A9="","",IF(M9="-","-",IF($G9=0,0,M9/$G9))) | O9: =IF($A9="","",IF($E9="","",IF(TODAY()<$E9+120,"-",IF($D9="",SUMPRODUCT(('Picked Students (raw)'!$B$2:$B$824=$C9)*('Picked Students (raw)'!$C$2:$C$824<>"")*(('Picked Students (raw)'!$C$2:$C$824-$E9)<120)),SUMPRODUCT(('Picked Students (raw)'!$B$2:$B$824=$C9)*('Picked Students (raw)'!$D$2:$D$824=$D9)*('Picked Students (raw)'!$C$2:$C$824<>"")*(('Picked Students (raw)'!$C$2:$C$824-$E9)<120)))))) | P9: =IF($A9="","",IF(O9="-","-",IF($G9=0,0,O9/$G9))) | Q9: =IF($A9="","",IF($E9="","",IF(TODAY()<$E9+150,"-",IF($D9="",SUMPRODUCT(('Picked Students (raw)'!$B$2:$B$824=$C9)*('Picked Students (raw)'!$C$2:$C$824<>"")*(('Picked Students (raw)'!$C$2:$C$824-$E9)<150)),SUMPRODUCT(('Picked Students (raw)'!$B$2:$B$824=$C9)*('Picked Students (raw)'!$D$2:$D$824=$D9)*('Picked Students (raw)'!$C$2:$C$824<>"")*(('Picked Students (raw)'!$C$2:$C$824-$E9)<150)))))) | R9: =IF($A9="","",IF(Q9="-","-",IF($G9=0,0,Q9/$G9))) | S9: =IF($A9="","",IF($E9="","",IF(TODAY()<$E9+180,"-",IF($D9="",SUMPRODUCT(('Picked Students (raw)'!$B$2:$B$824=$C9)*('Picked Students (raw)'!$C$2:$C$824<>"")*(('Picked Students (raw)'!$C$2:$C$824-$E9)<180)),SUMPRODUCT(('Picked Students (raw)'!$B$2:$B$824=$C9)*('Picked Students (raw)'!$D$2:$D$824=$D9)*('Picked Students (raw)'!$C$2:$C$824<>"")*(('Picked Students (raw)'!$C$2:$C$824-$E9)<180)))))) | T9: =IF($A9="","",IF(S9="-","-",IF($G9=0,0,S9/$G9))) | U9: =IF($A9="","",IF($E9="","",IF(TODAY()<$E9+210,"-",IF($D9="",SUMPRODUCT(('Picked Students (raw)'!$B$2:$B$824=$C9)*('Picked Students (raw)'!$C$2:$C$824<>"")*(('Picked Students (raw)'!$C$2:$C$824-$E9)<210)),SUMPRODUCT(('Picked Students (raw)'!$B$2:$B$824=$C9)*('Picked Students (raw)'!$D$2:$D$824=$D9)*('Picked Students (raw)'!$C$2:$C$824<>"")*(('Picked Students (raw)'!$C$2:$C$824-$E9)<210)))))) | V9: =IF($A9="","",IF(U9="-","-",IF($G9=0,0,U9/$G9))) | W9: =IF($A9="","",IF($E9="","",IF(TODAY()<$E9+240,"-",IF($D9="",SUMPRODUCT(('Picked Students (raw)'!$B$2:$B$824=$C9)*('Picked Students (raw)'!$C$2:$C$824<>"")*(('Picked Students (raw)'!$C$2:$C$824-$E9)<240)),SUMPRODUCT(('Picked Students (raw)'!$B$2:$B$824=$C9)*('Picked Students (raw)'!$D$2:$D$824=$D9)*('Picked Students (raw)'!$C$2:$C$824<>"")*(('Picked Students (raw)'!$C$2:$C$824-$E9)<240)))))) | X9: =IF($A9="","",IF(W9="-","-",IF($G9=0,0,W9/$G9))) | Y9: =IF($A9="","",IF($E9="","",IF(TODAY()<$E9+270,"-",IF($D9="",SUMPRODUCT(('Picked Students (raw)'!$B$2:$B$824=$C9)*('Picked Students (raw)'!$C$2:$C$824<>"")*(('Picked Students (raw)'!$C$2:$C$824-$E9)<270)),SUMPRODUCT(('Picked Students (raw)'!$B$2:$B$824=$C9)*('Picked Students (raw)'!$D$2:$D$824=$D9)*('Picked Students (raw)'!$C$2:$C$824<>"")*(('Picked Students (raw)'!$C$2:$C$824-$E9)<270)))))) | Z9: =IF($A9="","",IF(Y9="-","-",IF($G9=0,0,Y9/$G9))) | AA9: =IF($A9="","",IF($E9="","",IF(TODAY()<$E9+300,"-",IF($D9="",SUMPRODUCT(('Picked Students (raw)'!$B$2:$B$824=$C9)*('Picked Students (raw)'!$C$2:$C$824<>"")*(('Picked Students (raw)'!$C$2:$C$824-$E9)<300)),SUMPRODUCT(('Picked Students (raw)'!$B$2:$B$824=$C9)*('Picked Students (raw)'!$D$2:$D$824=$D9)*('Picked Students (raw)'!$C$2:$C$824<>"")*(('Picked Students (raw)'!$C$2:$C$824-$E9)<300)))))) | AB9: =IF($A9="","",IF(AA9="-","-",IF($G9=0,0,AA9/$G9))) | AC9: =IF($A9="","",IF($E9="","",IF(TODAY()<$E9+330,"-",IF($D9="",SUMPRODUCT(('Picked Students (raw)'!$B$2:$B$824=$C9)*('Picked Students (raw)'!$C$2:$C$824<>"")*(('Picked Students (raw)'!$C$2:$C$824-$E9)<330)),SUMPRODUCT(('Picked Students (raw)'!$B$2:$B$824=$C9)*('Picked Students (raw)'!$D$2:$D$824=$D9)*('Picked Students (raw)'!$C$2:$C$824<>"")*(('Picked Students (raw)'!$C$2:$C$824-$E9)<330)))))) | AD9: =IF($A9="","",IF(AC9="-","-",IF($G9=0,0,AC9/$G9))) | AE9: =IF($A9="","",IF($E9="","",IF(TODAY()<$E9+360,"-",IF($D9="",SUMPRODUCT(('Picked Students (raw)'!$B$2:$B$824=$C9)*('Picked Students (raw)'!$C$2:$C$824<>"")*(('Picked Students (raw)'!$C$2:$C$824-$E9)<360)),SUMPRODUCT(('Picked Students (raw)'!$B$2:$B$824=$C9)*('Picked Students (raw)'!$D$2:$D$824=$D9)*('Picked Students (raw)'!$C$2:$C$824<>"")*(('Picked Students (raw)'!$C$2:$C$824-$E9)<360)))))) | AF9: =IF($A9="","",IF(AE9="-","-",IF($G9=0,0,AE9/$G9))) | AG9: =IF($A9="","",IF($E9="","",IF(TODAY()<$E9+390,"-",IF($D9="",SUMPRODUCT(('Picked Students (raw)'!$B$2:$B$824=$C9)*('Picked Students (raw)'!$C$2:$C$824<>"")*(('Picked Students (raw)'!$C$2:$C$824-$E9)<390)),SUMPRODUCT(('Picked Students (raw)'!$B$2:$B$824=$C9)*('Picked Students (raw)'!$D$2:$D$824=$D9)*('Picked Students (raw)'!$C$2:$C$824<>"")*(('Picked Students (raw)'!$C$2:$C$824-$E9)<390)))))) | AH9: =IF($A9="","",IF(AG9="-","-",IF($G9=0,0,AG9/$G9))) | AI9: =IF($A9="","",IF($E9="","",IF(TODAY()<$E9+420,"-",IF($D9="",SUMPRODUCT(('Picked Students (raw)'!$B$2:$B$824=$C9)*('Picked Students (raw)'!$C$2:$C$824<>"")*(('Picked Students (raw)'!$C$2:$C$824-$E9)<420)),SUMPRODUCT(('Picked Students (raw)'!$B$2:$B$824=$C9)*('Picked Students (raw)'!$D$2:$D$824=$D9)*('Picked Students (raw)'!$C$2:$C$824<>"")*(('Picked Students (raw)'!$C$2:$C$824-$E9)<420)))))) | AJ9: =IF($A9="","",IF(AI9="-","-",IF($G9=0,0,AI9/$G9))) | AK9: =IF($A9="","",IF($E9="","",IF(TODAY()<$E9+450,"-",IF($D9="",SUMPRODUCT(('Picked Students (raw)'!$B$2:$B$824=$C9)*('Picked Students (raw)'!$C$2:$C$824<>"")*(('Picked Students (raw)'!$C$2:$C$824-$E9)<450)),SUMPRODUCT(('Picked Students (raw)'!$B$2:$B$824=$C9)*('Picked Students (raw)'!$D$2:$D$824=$D9)*('Picked Students (raw)'!$C$2:$C$824<>"")*(('Picked Students (raw)'!$C$2:$C$824-$E9)<450)))))) | AL9: =IF($A9="","",IF(AK9="-","-",IF($G9=0,0,AK9/$G9))) | AM9: =IF($A9="","",IF($E9="","",IF(TODAY()<$E9+480,"-",IF($D9="",SUMPRODUCT(('Picked Students (raw)'!$B$2:$B$824=$C9)*('Picked Students (raw)'!$C$2:$C$824<>"")*(('Picked Students (raw)'!$C$2:$C$824-$E9)<480)),SUMPRODUCT(('Picked Students (raw)'!$B$2:$B$824=$C9)*('Picked Students (raw)'!$D$2:$D$824=$D9)*('Picked Students (raw)'!$C$2:$C$824<>"")*(('Picked Students (raw)'!$C$2:$C$824-$E9)<480)))))) | AN9: =IF($A9="","",IF(AM9="-","-",IF($G9=0,0,AM9/$G9))) | AO9: =IF($A9="","",IF($E9="","",IF(TODAY()<$E9+510,"-",IF($D9="",SUMPRODUCT(('Picked Students (raw)'!$B$2:$B$824=$C9)*('Picked Students (raw)'!$C$2:$C$824<>"")*(('Picked Students (raw)'!$C$2:$C$824-$E9)<510)),SUMPRODUCT(('Picked Students (raw)'!$B$2:$B$824=$C9)*('Picked Students (raw)'!$D$2:$D$824=$D9)*('Picked Students (raw)'!$C$2:$C$824<>"")*(('Picked Students (raw)'!$C$2:$C$824-$E9)<510)))))) | AP9: =IF($A9="","",IF(AO9="-","-",IF($G9=0,0,AO9/$G9))) | AQ9: =IF($A9="","",IF($E9="","",IF(TODAY()<$E9+540,"-",IF($D9="",SUMPRODUCT(('Picked Students (raw)'!$B$2:$B$824=$C9)*('Picked Students (raw)'!$C$2:$C$824<>"")*(('Picked Students (raw)'!$C$2:$C$824-$E9)<540)),SUMPRODUCT(('Picked Students (raw)'!$B$2:$B$824=$C9)*('Picked Students (raw)'!$D$2:$D$824=$D9)*('Picked Students (raw)'!$C$2:$C$824<>"")*(('Picked Students (raw)'!$C$2:$C$824-$E9)<540)))))) | AR9: =IF($A9="","",IF(AQ9="-","-",IF($G9=0,0,AQ9/$G9))) | AS9: =IF($A9="","",IF(AQ9="-","-",$H9-AQ9))
A10: Professional Certificate Course In Data Science - November 2023 | B10: =IF($A10="","",IFERROR(IF(INDEX('Batch Enrollment (Metabase)'!$C$2:$C$47,MATCH($A10,'Batch Enrollment (Metabase)'!$A$2:$A$47,0))="GEM","A",IF(INDEX('Batch Enrollment (Metabase)'!$C$2:$C$47,MATCH($A10,'Batch Enrollment (Metabase)'!$A$2:$A$47,0))="Non-GEM","B","")),"")) | C10: =IF($A10="","",IFERROR(INDEX('Batch Enrollment (Metabase)'!$B$2:$B$47,MATCH($A10,'Batch Enrollment (Metabase)'!$A$2:$A$47,0)),"")) | D10: =IF($A10="","",IFERROR(INDEX('Batch Enrollment (Metabase)'!$C$2:$C$47,MATCH($A10,'Batch Enrollment (Metabase)'!$A$2:$A$47,0)),"")) | E10: =IF($A10="","",IFERROR(INDEX('Batch Enrollment (Metabase)'!$D$2:$D$47,MATCH($A10,'Batch Enrollment (Metabase)'!$A$2:$A$47,0)),"")) | F10: =IF($A10="","",IFERROR(INDEX('Batch Enrollment (Metabase)'!$E$2:$E$47,MATCH($A10,'Batch Enrollment (Metabase)'!$A$2:$A$47,0)),"")) | G10: =IF($A10="","",IFERROR(INDEX('Batch Enrollment (Metabase)'!$F$2:$F$47,MATCH($A10,'Batch Enrollment (Metabase)'!$A$2:$A$47,0)),"")) | H10: =IF($A10="","",IF($D10="",COUNTIF('Picked Students (raw)'!$B$2:$B$824,$C10),COUNTIFS('Picked Students (raw)'!$B$2:$B$824,$C10,'Picked Students (raw)'!$D$2:$D$824,$D10))) | I10: =IF($A10="","",IF($E10="","",IF(TODAY()<$E10+30,"-",IF($D10="",SUMPRODUCT(('Picked Students (raw)'!$B$2:$B$824=$C10)*('Picked Students (raw)'!$C$2:$C$824<>"")*(('Picked Students (raw)'!$C$2:$C$824-$E10)<30)),SUMPRODUCT(('Picked Students (raw)'!$B$2:$B$824=$C10)*('Picked Students (raw)'!$D$2:$D$824=$D10)*('Picked Students (raw)'!$C$2:$C$824<>"")*(('Picked Students (raw)'!$C$2:$C$824-$E10)<30)))))) | J10: =IF($A10="","",IF(I10="-","-",IF($G10=0,0,I10/$G10))) | K10: =IF($A10="","",IF($E10="","",IF(TODAY()<$E10+60,"-",IF($D10="",SUMPRODUCT(('Picked Students (raw)'!$B$2:$B$824=$C10)*('Picked Students (raw)'!$C$2:$C$824<>"")*(('Picked Students (raw)'!$C$2:$C$824-$E10)<60)),SUMPRODUCT(('Picked Students (raw)'!$B$2:$B$824=$C10)*('Picked Students (raw)'!$D$2:$D$824=$D10)*('Picked Students (raw)'!$C$2:$C$824<>"")*(('Picked Students (raw)'!$C$2:$C$824-$E10)<60)))))) | L10: =IF($A10="","",IF(K10="-","-",IF($G10=0,0,K10/$G10))) | M10: =IF($A10="","",IF($E10="","",IF(TODAY()<$E10+90,"-",IF($D10="",SUMPRODUCT(('Picked Students (raw)'!$B$2:$B$824=$C10)*('Picked Students (raw)'!$C$2:$C$824<>"")*(('Picked Students (raw)'!$C$2:$C$824-$E10)<90)),SUMPRODUCT(('Picked Students (raw)'!$B$2:$B$824=$C10)*('Picked Students (raw)'!$D$2:$D$824=$D10)*('Picked Students (raw)'!$C$2:$C$824<>"")*(('Picked Students (raw)'!$C$2:$C$824-$E10)<90)))))) | N10: =IF($A10="","",IF(M10="-","-",IF($G10=0,0,M10/$G10))) | O10: =IF($A10="","",IF($E10="","",IF(TODAY()<$E10+120,"-",IF($D10="",SUMPRODUCT(('Picked Students (raw)'!$B$2:$B$824=$C10)*('Picked Students (raw)'!$C$2:$C$824<>"")*(('Picked Students (raw)'!$C$2:$C$824-$E10)<120)),SUMPRODUCT(('Picked Students (raw)'!$B$2:$B$824=$C10)*('Picked Students (raw)'!$D$2:$D$824=$D10)*('Picked Students (raw)'!$C$2:$C$824<>"")*(('Picked Students (raw)'!$C$2:$C$824-$E10)<120)))))) | P10: =IF($A10="","",IF(O10="-","-",IF($G10=0,0,O10/$G10))) | Q10: =IF($A10="","",IF($E10="","",IF(TODAY()<$E10+150,"-",IF($D10="",SUMPRODUCT(('Picked Students (raw)'!$B$2:$B$824=$C10)*('Picked Students (raw)'!$C$2:$C$824<>"")*(('Picked Students (raw)'!$C$2:$C$824-$E10)<150)),SUMPRODUCT(('Picked Students (raw)'!$B$2:$B$824=$C10)*('Picked Students (raw)'!$D$2:$D$824=$D10)*('Picked Students (raw)'!$C$2:$C$824<>"")*(('Picked Students (raw)'!$C$2:$C$824-$E10)<150)))))) | R10: =IF($A10="","",IF(Q10="-","-",IF($G10=0,0,Q10/$G10))) | S10: =IF($A10="","",IF($E10="","",IF(TODAY()<$E10+180,"-",IF($D10="",SUMPRODUCT(('Picked Students (raw)'!$B$2:$B$824=$C10)*('Picked Students (raw)'!$C$2:$C$824<>"")*(('Picked Students (raw)'!$C$2:$C$824-$E10)<180)),SUMPRODUCT(('Picked Students (raw)'!$B$2:$B$824=$C10)*('Picked Students (raw)'!$D$2:$D$824=$D10)*('Picked Students (raw)'!$C$2:$C$824<>"")*(('Picked Students (raw)'!$C$2:$C$824-$E10)<180)))))) | T10: =IF($A10="","",IF(S10="-","-",IF($G10=0,0,S10/$G10))) | U10: =IF($A10="","",IF($E10="","",IF(TODAY()<$E10+210,"-",IF($D10="",SUMPRODUCT(('Picked Students (raw)'!$B$2:$B$824=$C10)*('Picked Students (raw)'!$C$2:$C$824<>"")*(('Picked Students (raw)'!$C$2:$C$824-$E10)<210)),SUMPRODUCT(('Picked Students (raw)'!$B$2:$B$824=$C10)*('Picked Students (raw)'!$D$2:$D$824=$D10)*('Picked Students (raw)'!$C$2:$C$824<>"")*(('Picked Students (raw)'!$C$2:$C$824-$E10)<210)))))) | V10: =IF($A10="","",IF(U10="-","-",IF($G10=0,0,U10/$G10))) | W10: =IF($A10="","",IF($E10="","",IF(TODAY()<$E10+240,"-",IF($D10="",SUMPRODUCT(('Picked Students (raw)'!$B$2:$B$824=$C10)*('Picked Students (raw)'!$C$2:$C$824<>"")*(('Picked Students (raw)'!$C$2:$C$824-$E10)<240)),SUMPRODUCT(('Picked Students (raw)'!$B$2:$B$824=$C10)*('Picked Students (raw)'!$D$2:$D$824=$D10)*('Picked Students (raw)'!$C$2:$C$824<>"")*(('Picked Students (raw)'!$C$2:$C$824-$E10)<240)))))) | X10: =IF($A10="","",IF(W10="-","-",IF($G10=0,0,W10/$G10))) | Y10: =IF($A10="","",IF($E10="","",IF(TODAY()<$E10+270,"-",IF($D10="",SUMPRODUCT(('Picked Students (raw)'!$B$2:$B$824=$C10)*('Picked Students (raw)'!$C$2:$C$824<>"")*(('Picked Students (raw)'!$C$2:$C$824-$E10)<270)),SUMPRODUCT(('Picked Students (raw)'!$B$2:$B$824=$C10)*('Picked Students (raw)'!$D$2:$D$824=$D10)*('Picked Students (raw)'!$C$2:$C$824<>"")*(('Picked Students (raw)'!$C$2:$C$824-$E10)<270)))))) | Z10: =IF($A10="","",IF(Y10="-","-",IF($G10=0,0,Y10/$G10))) | AA10: =IF($A10="","",IF($E10="","",IF(TODAY()<$E10+300,"-",IF($D10="",SUMPRODUCT(('Picked Students (raw)'!$B$2:$B$824=$C10)*('Picked Students (raw)'!$C$2:$C$824<>"")*(('Picked Students (raw)'!$C$2:$C$824-$E10)<300)),SUMPRODUCT(('Picked Students (raw)'!$B$2:$B$824=$C10)*('Picked Students (raw)'!$D$2:$D$824=$D10)*('Picked Students (raw)'!$C$2:$C$824<>"")*(('Picked Students (raw)'!$C$2:$C$824-$E10)<300)))))) | AB10: =IF($A10="","",IF(AA10="-","-",IF($G10=0,0,AA10/$G10))) | AC10: =IF($A10="","",IF($E10="","",IF(TODAY()<$E10+330,"-",IF($D10="",SUMPRODUCT(('Picked Students (raw)'!$B$2:$B$824=$C10)*('Picked Students (raw)'!$C$2:$C$824<>"")*(('Picked Students (raw)'!$C$2:$C$824-$E10)<330)),SUMPRODUCT(('Picked Students (raw)'!$B$2:$B$824=$C10)*('Picked Students (raw)'!$D$2:$D$824=$D10)*('Picked Students (raw)'!$C$2:$C$824<>"")*(('Picked Students (raw)'!$C$2:$C$824-$E10)<330)))))) | AD10: =IF($A10="","",IF(AC10="-","-",IF($G10=0,0,AC10/$G10))) | AE10: =IF($A10="","",IF($E10="","",IF(TODAY()<$E10+360,"-",IF($D10="",SUMPRODUCT(('Picked Students (raw)'!$B$2:$B$824=$C10)*('Picked Students (raw)'!$C$2:$C$824<>"")*(('Picked Students (raw)'!$C$2:$C$824-$E10)<360)),SUMPRODUCT(('Picked Students (raw)'!$B$2:$B$824=$C10)*('Picked Students (raw)'!$D$2:$D$824=$D10)*('Picked Students (raw)'!$C$2:$C$824<>"")*(('Picked Students (raw)'!$C$2:$C$824-$E10)<360)))))) | AF10: =IF($A10="","",IF(AE10="-","-",IF($G10=0,0,AE10/$G10))) | AG10: =IF($A10="","",IF($E10="","",IF(TODAY()<$E10+390,"-",IF($D10="",SUMPRODUCT(('Picked Students (raw)'!$B$2:$B$824=$C10)*('Picked Students (raw)'!$C$2:$C$824<>"")*(('Picked Students (raw)'!$C$2:$C$824-$E10)<390)),SUMPRODUCT(('Picked Students (raw)'!$B$2:$B$824=$C10)*('Picked Students (raw)'!$D$2:$D$824=$D10)*('Picked Students (raw)'!$C$2:$C$824<>"")*(('Picked Students (raw)'!$C$2:$C$824-$E10)<390)))))) | AH10: =IF($A10="","",IF(AG10="-","-",IF($G10=0,0,AG10/$G10))) | AI10: =IF($A10="","",IF($E10="","",IF(TODAY()<$E10+420,"-",IF($D10="",SUMPRODUCT(('Picked Students (raw)'!$B$2:$B$824=$C10)*('Picked Students (raw)'!$C$2:$C$824<>"")*(('Picked Students (raw)'!$C$2:$C$824-$E10)<420)),SUMPRODUCT(('Picked Students (raw)'!$B$2:$B$824=$C10)*('Picked Students (raw)'!$D$2:$D$824=$D10)*('Picked Students (raw)'!$C$2:$C$824<>"")*(('Picked Students (raw)'!$C$2:$C$824-$E10)<420)))))) | AJ10: =IF($A10="","",IF(AI10="-","-",IF($G10=0,0,AI10/$G10))) | AK10: =IF($A10="","",IF($E10="","",IF(TODAY()<$E10+450,"-",IF($D10="",SUMPRODUCT(('Picked Students (raw)'!$B$2:$B$824=$C10)*('Picked Students (raw)'!$C$2:$C$824<>"")*(('Picked Students (raw)'!$C$2:$C$824-$E10)<450)),SUMPRODUCT(('Picked Students (raw)'!$B$2:$B$824=$C10)*('Picked Students (raw)'!$D$2:$D$824=$D10)*('Picked Students (raw)'!$C$2:$C$824<>"")*(('Picked Students (raw)'!$C$2:$C$824-$E10)<450)))))) | AL10: =IF($A10="","",IF(AK10="-","-",IF($G10=0,0,AK10/$G10))) | AM10: =IF($A10="","",IF($E10="","",IF(TODAY()<$E10+480,"-",IF($D10="",SUMPRODUCT(('Picked Students (raw)'!$B$2:$B$824=$C10)*('Picked Students (raw)'!$C$2:$C$824<>"")*(('Picked Students (raw)'!$C$2:$C$824-$E10)<480)),SUMPRODUCT(('Picked Students (raw)'!$B$2:$B$824=$C10)*('Picked Students (raw)'!$D$2:$D$824=$D10)*('Picked Students (raw)'!$C$2:$C$824<>"")*(('Picked Students (raw)'!$C$2:$C$824-$E10)<480)))))) | AN10: =IF($A10="","",IF(AM10="-","-",IF($G10=0,0,AM10/$G10))) | AO10: =IF($A10="","",IF($E10="","",IF(TODAY()<$E10+510,"-",IF($D10="",SUMPRODUCT(('Picked Students (raw)'!$B$2:$B$824=$C10)*('Picked Students (raw)'!$C$2:$C$824<>"")*(('Picked Students (raw)'!$C$2:$C$824-$E10)<510)),SUMPRODUCT(('Picked Students (raw)'!$B$2:$B$824=$C10)*('Picked Students (raw)'!$D$2:$D$824=$D10)*('Picked Students (raw)'!$C$2:$C$824<>"")*(('Picked Students (raw)'!$C$2:$C$824-$E10)<510)))))) | AP10: =IF($A10="","",IF(AO10="-","-",IF($G10=0,0,AO10/$G10))) | AQ10: =IF($A10="","",IF($E10="","",IF(TODAY()<$E10+540,"-",IF($D10="",SUMPRODUCT(('Picked Students (raw)'!$B$2:$B$824=$C10)*('Picked Students (raw)'!$C$2:$C$824<>"")*(('Picked Students (raw)'!$C$2:$C$824-$E10)<540)),SUMPRODUCT(('Picked Students (raw)'!$B$2:$B$824=$C10)*('Picked Students (raw)'!$D$2:$D$824=$D10)*('Picked Students (raw)'!$C$2:$C$824<>"")*(('Picked Students (raw)'!$C$2:$C$824-$E10)<540)))))) | AR10: =IF($A10="","",IF(AQ10="-","-",IF($G10=0,0,AQ10/$G10))) | AS10: =IF($A10="","",IF(AQ10="-","-",$H10-AQ10))
A11: Professional Certificate Course In Data Science - May 2023 - LU | B11: =IF($A11="","",IFERROR(IF(INDEX('Batch Enrollment (Metabase)'!$C$2:$C$47,MATCH($A11,'Batch Enrollment (Metabase)'!$A$2:$A$47,0))="GEM","A",IF(INDEX('Batch Enrollment (Metabase)'!$C$2:$C$47,MATCH($A11,'Batch Enrollment (Metabase)'!$A$2:$A$47,0))="Non-GEM","B","")),"")) | C11: =IF($A11="","",IFERROR(INDEX('Batch Enrollment (Metabase)'!$B$2:$B$47,MATCH($A11,'Batch Enrollment (Metabase)'!$A$2:$A$47,0)),"")) | D11: =IF($A11="","",IFERROR(INDEX('Batch Enrollment (Metabase)'!$C$2:$C$47,MATCH($A11,'Batch Enrollment (Metabase)'!$A$2:$A$47,0)),"")) | E11: =IF($A11="","",IFERROR(INDEX('Batch Enrollment (Metabase)'!$D$2:$D$47,MATCH($A11,'Batch Enrollment (Metabase)'!$A$2:$A$47,0)),"")) | F11: =IF($A11="","",IFERROR(INDEX('Batch Enrollment (Metabase)'!$E$2:$E$47,MATCH($A11,'Batch Enrollment (Metabase)'!$A$2:$A$47,0)),"")) | G11: =IF($A11="","",IFERROR(INDEX('Batch Enrollment (Metabase)'!$F$2:$F$47,MATCH($A11,'Batch Enrollment (Metabase)'!$A$2:$A$47,0)),"")) | H11: =IF($A11="","",IF($D11="",COUNTIF('Picked Students (raw)'!$B$2:$B$824,$C11),COUNTIFS('Picked Students (raw)'!$B$2:$B$824,$C11,'Picked Students (raw)'!$D$2:$D$824,$D11))) | I11: =IF($A11="","",IF($E11="","",IF(TODAY()<$E11+30,"-",IF($D11="",SUMPRODUCT(('Picked Students (raw)'!$B$2:$B$824=$C11)*('Picked Students (raw)'!$C$2:$C$824<>"")*(('Picked Students (raw)'!$C$2:$C$824-$E11)<30)),SUMPRODUCT(('Picked Students (raw)'!$B$2:$B$824=$C11)*('Picked Students (raw)'!$D$2:$D$824=$D11)*('Picked Students (raw)'!$C$2:$C$824<>"")*(('Picked Students (raw)'!$C$2:$C$824-$E11)<30)))))) | J11: =IF($A11="","",IF(I11="-","-",IF($G11=0,0,I11/$G11))) | K11: =IF($A11="","",IF($E11="","",IF(TODAY()<$E11+60,"-",IF($D11="",SUMPRODUCT(('Picked Students (raw)'!$B$2:$B$824=$C11)*('Picked Students (raw)'!$C$2:$C$824<>"")*(('Picked Students (raw)'!$C$2:$C$824-$E11)<60)),SUMPRODUCT(('Picked Students (raw)'!$B$2:$B$824=$C11)*('Picked Students (raw)'!$D$2:$D$824=$D11)*('Picked Students (raw)'!$C$2:$C$824<>"")*(('Picked Students (raw)'!$C$2:$C$824-$E11)<60)))))) | L11: =IF($A11="","",IF(K11="-","-",IF($G11=0,0,K11/$G11))) | M11: =IF($A11="","",IF($E11="","",IF(TODAY()<$E11+90,"-",IF($D11="",SUMPRODUCT(('Picked Students (raw)'!$B$2:$B$824=$C11)*('Picked Students (raw)'!$C$2:$C$824<>"")*(('Picked Students (raw)'!$C$2:$C$824-$E11)<90)),SUMPRODUCT(('Picked Students (raw)'!$B$2:$B$824=$C11)*('Picked Students (raw)'!$D$2:$D$824=$D11)*('Picked Students (raw)'!$C$2:$C$824<>"")*(('Picked Students (raw)'!$C$2:$C$824-$E11)<90)))))) | N11: =IF($A11="","",IF(M11="-","-",IF($G11=0,0,M11/$G11))) | O11: =IF($A11="","",IF($E11="","",IF(TODAY()<$E11+120,"-",IF($D11="",SUMPRODUCT(('Picked Students (raw)'!$B$2:$B$824=$C11)*('Picked Students (raw)'!$C$2:$C$824<>"")*(('Picked Students (raw)'!$C$2:$C$824-$E11)<120)),SUMPRODUCT(('Picked Students (raw)'!$B$2:$B$824=$C11)*('Picked Students (raw)'!$D$2:$D$824=$D11)*('Picked Students (raw)'!$C$2:$C$824<>"")*(('Picked Students (raw)'!$C$2:$C$824-$E11)<120)))))) | P11: =IF($A11="","",IF(O11="-","-",IF($G11=0,0,O11/$G11))) | Q11: =IF($A11="","",IF($E11="","",IF(TODAY()<$E11+150,"-",IF($D11="",SUMPRODUCT(('Picked Students (raw)'!$B$2:$B$824=$C11)*('Picked Students (raw)'!$C$2:$C$824<>"")*(('Picked Students (raw)'!$C$2:$C$824-$E11)<150)),SUMPRODUCT(('Picked Students (raw)'!$B$2:$B$824=$C11)*('Picked Students (raw)'!$D$2:$D$824=$D11)*('Picked Students (raw)'!$C$2:$C$824<>"")*(('Picked Students (raw)'!$C$2:$C$824-$E11)<150)))))) | R11: =IF($A11="","",IF(Q11="-","-",IF($G11=0,0,Q11/$G11))) | S11: =IF($A11="","",IF($E11="","",IF(TODAY()<$E11+180,"-",IF($D11="",SUMPRODUCT(('Picked Students (raw)'!$B$2:$B$824=$C11)*('Picked Students (raw)'!$C$2:$C$824<>"")*(('Picked Students (raw)'!$C$2:$C$824-$E11)<180)),SUMPRODUCT(('Picked Students (raw)'!$B$2:$B$824=$C11)*('Picked Students (raw)'!$D$2:$D$824=$D11)*('Picked Students (raw)'!$C$2:$C$824<>"")*(('Picked Students (raw)'!$C$2:$C$824-$E11)<180)))))) | T11: =IF($A11="","",IF(S11="-","-",IF($G11=0,0,S11/$G11))) | U11: =IF($A11="","",IF($E11="","",IF(TODAY()<$E11+210,"-",IF($D11="",SUMPRODUCT(('Picked Students (raw)'!$B$2:$B$824=$C11)*('Picked Students (raw)'!$C$2:$C$824<>"")*(('Picked Students (raw)'!$C$2:$C$824-$E11)<210)),SUMPRODUCT(('Picked Students (raw)'!$B$2:$B$824=$C11)*('Picked Students (raw)'!$D$2:$D$824=$D11)*('Picked Students (raw)'!$C$2:$C$824<>"")*(('Picked Students (raw)'!$C$2:$C$824-$E11)<210)))))) | V11: =IF($A11="","",IF(U11="-","-",IF($G11=0,0,U11/$G11))) | W11: =IF($A11="","",IF($E11="","",IF(TODAY()<$E11+240,"-",IF($D11="",SUMPRODUCT(('Picked Students (raw)'!$B$2:$B$824=$C11)*('Picked Students (raw)'!$C$2:$C$824<>"")*(('Picked Students (raw)'!$C$2:$C$824-$E11)<240)),SUMPRODUCT(('Picked Students (raw)'!$B$2:$B$824=$C11)*('Picked Students (raw)'!$D$2:$D$824=$D11)*('Picked Students (raw)'!$C$2:$C$824<>"")*(('Picked Students (raw)'!$C$2:$C$824-$E11)<240)))))) | X11: =IF($A11="","",IF(W11="-","-",IF($G11=0,0,W11/$G11))) | Y11: =IF($A11="","",IF($E11="","",IF(TODAY()<$E11+270,"-",IF($D11="",SUMPRODUCT(('Picked Students (raw)'!$B$2:$B$824=$C11)*('Picked Students (raw)'!$C$2:$C$824<>"")*(('Picked Students (raw)'!$C$2:$C$824-$E11)<270)),SUMPRODUCT(('Picked Students (raw)'!$B$2:$B$824=$C11)*('Picked Students (raw)'!$D$2:$D$824=$D11)*('Picked Students (raw)'!$C$2:$C$824<>"")*(('Picked Students (raw)'!$C$2:$C$824-$E11)<270)))))) | Z11: =IF($A11="","",IF(Y11="-","-",IF($G11=0,0,Y11/$G11))) | AA11: =IF($A11="","",IF($E11="","",IF(TODAY()<$E11+300,"-",IF($D11="",SUMPRODUCT(('Picked Students (raw)'!$B$2:$B$824=$C11)*('Picked Students (raw)'!$C$2:$C$824<>"")*(('Picked Students (raw)'!$C$2:$C$824-$E11)<300)),SUMPRODUCT(('Picked Students (raw)'!$B$2:$B$824=$C11)*('Picked Students (raw)'!$D$2:$D$824=$D11)*('Picked Students (raw)'!$C$2:$C$824<>"")*(('Picked Students (raw)'!$C$2:$C$824-$E11)<300)))))) | AB11: =IF($A11="","",IF(AA11="-","-",IF($G11=0,0,AA11/$G11))) | AC11: =IF($A11="","",IF($E11="","",IF(TODAY()<$E11+330,"-",IF($D11="",SUMPRODUCT(('Picked Students (raw)'!$B$2:$B$824=$C11)*('Picked Students (raw)'!$C$2:$C$824<>"")*(('Picked Students (raw)'!$C$2:$C$824-$E11)<330)),SUMPRODUCT(('Picked Students (raw)'!$B$2:$B$824=$C11)*('Picked Students (raw)'!$D$2:$D$824=$D11)*('Picked Students (raw)'!$C$2:$C$824<>"")*(('Picked Students (raw)'!$C$2:$C$824-$E11)<330)))))) | AD11: =IF($A11="","",IF(AC11="-","-",IF($G11=0,0,AC11/$G11))) | AE11: =IF($A11="","",IF($E11="","",IF(TODAY()<$E11+360,"-",IF($D11="",SUMPRODUCT(('Picked Students (raw)'!$B$2:$B$824=$C11)*('Picked Students (raw)'!$C$2:$C$824<>"")*(('Picked Students (raw)'!$C$2:$C$824-$E11)<360)),SUMPRODUCT(('Picked Students (raw)'!$B$2:$B$824=$C11)*('Picked Students (raw)'!$D$2:$D$824=$D11)*('Picked Students (raw)'!$C$2:$C$824<>"")*(('Picked Students (raw)'!$C$2:$C$824-$E11)<360)))))) | AF11: =IF($A11="","",IF(AE11="-","-",IF($G11=0,0,AE11/$G11))) | AG11: =IF($A11="","",IF($E11="","",IF(TODAY()<$E11+390,"-",IF($D11="",SUMPRODUCT(('Picked Students (raw)'!$B$2:$B$824=$C11)*('Picked Students (raw)'!$C$2:$C$824<>"")*(('Picked Students (raw)'!$C$2:$C$824-$E11)<390)),SUMPRODUCT(('Picked Students (raw)'!$B$2:$B$824=$C11)*('Picked Students (raw)'!$D$2:$D$824=$D11)*('Picked Students (raw)'!$C$2:$C$824<>"")*(('Picked Students (raw)'!$C$2:$C$824-$E11)<390)))))) | AH11: =IF($A11="","",IF(AG11="-","-",IF($G11=0,0,AG11/$G11))) | AI11: =IF($A11="","",IF($E11="","",IF(TODAY()<$E11+420,"-",IF($D11="",SUMPRODUCT(('Picked Students (raw)'!$B$2:$B$824=$C11)*('Picked Students (raw)'!$C$2:$C$824<>"")*(('Picked Students (raw)'!$C$2:$C$824-$E11)<420)),SUMPRODUCT(('Picked Students (raw)'!$B$2:$B$824=$C11)*('Picked Students (raw)'!$D$2:$D$824=$D11)*('Picked Students (raw)'!$C$2:$C$824<>"")*(('Picked Students (raw)'!$C$2:$C$824-$E11)<420)))))) | AJ11: =IF($A11="","",IF(AI11="-","-",IF($G11=0,0,AI11/$G11))) | AK11: =IF($A11="","",IF($E11="","",IF(TODAY()<$E11+450,"-",IF($D11="",SUMPRODUCT(('Picked Students (raw)'!$B$2:$B$824=$C11)*('Picked Students (raw)'!$C$2:$C$824<>"")*(('Picked Students (raw)'!$C$2:$C$824-$E11)<450)),SUMPRODUCT(('Picked Students (raw)'!$B$2:$B$824=$C11)*('Picked Students (raw)'!$D$2:$D$824=$D11)*('Picked Students (raw)'!$C$2:$C$824<>"")*(('Picked Students (raw)'!$C$2:$C$824-$E11)<450)))))) | AL11: =IF($A11="","",IF(AK11="-","-",IF($G11=0,0,AK11/$G11))) | AM11: =IF($A11="","",IF($E11="","",IF(TODAY()<$E11+480,"-",IF($D11="",SUMPRODUCT(('Picked Students (raw)'!$B$2:$B$824=$C11)*('Picked Students (raw)'!$C$2:$C$824<>"")*(('Picked Students (raw)'!$C$2:$C$824-$E11)<480)),SUMPRODUCT(('Picked Students (raw)'!$B$2:$B$824=$C11)*('Picked Students (raw)'!$D$2:$D$824=$D11)*('Picked Students (raw)'!$C$2:$C$824<>"")*(('Picked Students (raw)'!$C$2:$C$824-$E11)<480)))))) | AN11: =IF($A11="","",IF(AM11="-","-",IF($G11=0,0,AM11/$G11))) | AO11: =IF($A11="","",IF($E11="","",IF(TODAY()<$E11+510,"-",IF($D11="",SUMPRODUCT(('Picked Students (raw)'!$B$2:$B$824=$C11)*('Picked Students (raw)'!$C$2:$C$824<>"")*(('Picked Students (raw)'!$C$2:$C$824-$E11)<510)),SUMPRODUCT(('Picked Students (raw)'!$B$2:$B$824=$C11)*('Picked Students (raw)'!$D$2:$D$824=$D11)*('Picked Students (raw)'!$C$2:$C$824<>"")*(('Picked Students (raw)'!$C$2:$C$824-$E11)<510)))))) | AP11: =IF($A11="","",IF(AO11="-","-",IF($G11=0,0,AO11/$G11))) | AQ11: =IF($A11="","",IF($E11="","",IF(TODAY()<$E11+540,"-",IF($D11="",SUMPRODUCT(('Picked Students (raw)'!$B$2:$B$824=$C11)*('Picked Students (raw)'!$C$2:$C$824<>"")*(('Picked Students (raw)'!$C$2:$C$824-$E11)<540)),SUMPRODUCT(('Picked Students (raw)'!$B$2:$B$824=$C11)*('Picked Students (raw)'!$D$2:$D$824=$D11)*('Picked Students (raw)'!$C$2:$C$824<>"")*(('Picked Students (raw)'!$C$2:$C$824-$E11)<540)))))) | AR11: =IF($A11="","",IF(AQ11="-","-",IF($G11=0,0,AQ11/$G11))) | AS11: =IF($A11="","",IF(AQ11="-","-",$H11-AQ11))
A12: Professional Certificate Course In Data Science - December 2023 | B12: =IF($A12="","",IFERROR(IF(INDEX('Batch Enrollment (Metabase)'!$C$2:$C$47,MATCH($A12,'Batch Enrollment (Metabase)'!$A$2:$A$47,0))="GEM","A",IF(INDEX('Batch Enrollment (Metabase)'!$C$2:$C$47,MATCH($A12,'Batch Enrollment (Metabase)'!$A$2:$A$47,0))="Non-GEM","B","")),"")) | C12: =IF($A12="","",IFERROR(INDEX('Batch Enrollment (Metabase)'!$B$2:$B$47,MATCH($A12,'Batch Enrollment (Metabase)'!$A$2:$A$47,0)),"")) | D12: =IF($A12="","",IFERROR(INDEX('Batch Enrollment (Metabase)'!$C$2:$C$47,MATCH($A12,'Batch Enrollment (Metabase)'!$A$2:$A$47,0)),"")) | E12: =IF($A12="","",IFERROR(INDEX('Batch Enrollment (Metabase)'!$D$2:$D$47,MATCH($A12,'Batch Enrollment (Metabase)'!$A$2:$A$47,0)),"")) | F12: =IF($A12="","",IFERROR(INDEX('Batch Enrollment (Metabase)'!$E$2:$E$47,MATCH($A12,'Batch Enrollment (Metabase)'!$A$2:$A$47,0)),"")) | G12: =IF($A12="","",IFERROR(INDEX('Batch Enrollment (Metabase)'!$F$2:$F$47,MATCH($A12,'Batch Enrollment (Metabase)'!$A$2:$A$47,0)),"")) | H12: =IF($A12="","",IF($D12="",COUNTIF('Picked Students (raw)'!$B$2:$B$824,$C12),COUNTIFS('Picked Students (raw)'!$B$2:$B$824,$C12,'Picked Students (raw)'!$D$2:$D$824,$D12))) | I12: =IF($A12="","",IF($E12="","",IF(TODAY()<$E12+30,"-",IF($D12="",SUMPRODUCT(('Picked Students (raw)'!$B$2:$B$824=$C12)*('Picked Students (raw)'!$C$2:$C$824<>"")*(('Picked Students (raw)'!$C$2:$C$824-$E12)<30)),SUMPRODUCT(('Picked Students (raw)'!$B$2:$B$824=$C12)*('Picked Students (raw)'!$D$2:$D$824=$D12)*('Picked Students (raw)'!$C$2:$C$824<>"")*(('Picked Students (raw)'!$C$2:$C$824-$E12)<30)))))) | J12: =IF($A12="","",IF(I12="-","-",IF($G12=0,0,I12/$G12))) | K12: =IF($A12="","",IF($E12="","",IF(TODAY()<$E12+60,"-",IF($D12="",SUMPRODUCT(('Picked Students (raw)'!$B$2:$B$824=$C12)*('Picked Students (raw)'!$C$2:$C$824<>"")*(('Picked Students (raw)'!$C$2:$C$824-$E12)<60)),SUMPRODUCT(('Picked Students (raw)'!$B$2:$B$824=$C12)*('Picked Students (raw)'!$D$2:$D$824=$D12)*('Picked Students (raw)'!$C$2:$C$824<>"")*(('Picked Students (raw)'!$C$2:$C$824-$E12)<60)))))) | L12: =IF($A12="","",IF(K12="-","-",IF($G12=0,0,K12/$G12))) | M12: =IF($A12="","",IF($E12="","",IF(TODAY()<$E12+90,"-",IF($D12="",SUMPRODUCT(('Picked Students (raw)'!$B$2:$B$824=$C12)*('Picked Students (raw)'!$C$2:$C$824<>"")*(('Picked Students (raw)'!$C$2:$C$824-$E12)<90)),SUMPRODUCT(('Picked Students (raw)'!$B$2:$B$824=$C12)*('Picked Students (raw)'!$D$2:$D$824=$D12)*('Picked Students (raw)'!$C$2:$C$824<>"")*(('Picked Students (raw)'!$C$2:$C$824-$E12)<90)))))) | N12: =IF($A12="","",IF(M12="-","-",IF($G12=0,0,M12/$G12))) | O12: =IF($A12="","",IF($E12="","",IF(TODAY()<$E12+120,"-",IF($D12="",SUMPRODUCT(('Picked Students (raw)'!$B$2:$B$824=$C12)*('Picked Students (raw)'!$C$2:$C$824<>"")*(('Picked Students (raw)'!$C$2:$C$824-$E12)<120)),SUMPRODUCT(('Picked Students (raw)'!$B$2:$B$824=$C12)*('Picked Students (raw)'!$D$2:$D$824=$D12)*('Picked Students (raw)'!$C$2:$C$824<>"")*(('Picked Students (raw)'!$C$2:$C$824-$E12)<120)))))) | P12: =IF($A12="","",IF(O12="-","-",IF($G12=0,0,O12/$G12))) | Q12: =IF($A12="","",IF($E12="","",IF(TODAY()<$E12+150,"-",IF($D12="",SUMPRODUCT(('Picked Students (raw)'!$B$2:$B$824=$C12)*('Picked Students (raw)'!$C$2:$C$824<>"")*(('Picked Students (raw)'!$C$2:$C$824-$E12)<150)),SUMPRODUCT(('Picked Students (raw)'!$B$2:$B$824=$C12)*('Picked Students (raw)'!$D$2:$D$824=$D12)*('Picked Students (raw)'!$C$2:$C$824<>"")*(('Picked Students (raw)'!$C$2:$C$824-$E12)<150)))))) | R12: =IF($A12="","",IF(Q12="-","-",IF($G12=0,0,Q12/$G12))) | S12: =IF($A12="","",IF($E12="","",IF(TODAY()<$E12+180,"-",IF($D12="",SUMPRODUCT(('Picked Students (raw)'!$B$2:$B$824=$C12)*('Picked Students (raw)'!$C$2:$C$824<>"")*(('Picked Students (raw)'!$C$2:$C$824-$E12)<180)),SUMPRODUCT(('Picked Students (raw)'!$B$2:$B$824=$C12)*('Picked Students (raw)'!$D$2:$D$824=$D12)*('Picked Students (raw)'!$C$2:$C$824<>"")*(('Picked Students (raw)'!$C$2:$C$824-$E12)<180)))))) | T12: =IF($A12="","",IF(S12="-","-",IF($G12=0,0,S12/$G12))) | U12: =IF($A12="","",IF($E12="","",IF(TODAY()<$E12+210,"-",IF($D12="",SUMPRODUCT(('Picked Students (raw)'!$B$2:$B$824=$C12)*('Picked Students (raw)'!$C$2:$C$824<>"")*(('Picked Students (raw)'!$C$2:$C$824-$E12)<210)),SUMPRODUCT(('Picked Students (raw)'!$B$2:$B$824=$C12)*('Picked Students (raw)'!$D$2:$D$824=$D12)*('Picked Students (raw)'!$C$2:$C$824<>"")*(('Picked Students (raw)'!$C$2:$C$824-$E12)<210)))))) | V12: =IF($A12="","",IF(U12="-","-",IF($G12=0,0,U12/$G12))) | W12: =IF($A12="","",IF($E12="","",IF(TODAY()<$E12+240,"-",IF($D12="",SUMPRODUCT(('Picked Students (raw)'!$B$2:$B$824=$C12)*('Picked Students (raw)'!$C$2:$C$824<>"")*(('Picked Students (raw)'!$C$2:$C$824-$E12)<240)),SUMPRODUCT(('Picked Students (raw)'!$B$2:$B$824=$C12)*('Picked Students (raw)'!$D$2:$D$824=$D12)*('Picked Students (raw)'!$C$2:$C$824<>"")*(('Picked Students (raw)'!$C$2:$C$824-$E12)<240)))))) | X12: =IF($A12="","",IF(W12="-","-",IF($G12=0,0,W12/$G12))) | Y12: =IF($A12="","",IF($E12="","",IF(TODAY()<$E12+270,"-",IF($D12="",SUMPRODUCT(('Picked Students (raw)'!$B$2:$B$824=$C12)*('Picked Students (raw)'!$C$2:$C$824<>"")*(('Picked Students (raw)'!$C$2:$C$824-$E12)<270)),SUMPRODUCT(('Picked Students (raw)'!$B$2:$B$824=$C12)*('Picked Students (raw)'!$D$2:$D$824=$D12)*('Picked Students (raw)'!$C$2:$C$824<>"")*(('Picked Students (raw)'!$C$2:$C$824-$E12)<270)))))) | Z12: =IF($A12="","",IF(Y12="-","-",IF($G12=0,0,Y12/$G12))) | AA12: =IF($A12="","",IF($E12="","",IF(TODAY()<$E12+300,"-",IF($D12="",SUMPRODUCT(('Picked Students (raw)'!$B$2:$B$824=$C12)*('Picked Students (raw)'!$C$2:$C$824<>"")*(('Picked Students (raw)'!$C$2:$C$824-$E12)<300)),SUMPRODUCT(('Picked Students (raw)'!$B$2:$B$824=$C12)*('Picked Students (raw)'!$D$2:$D$824=$D12)*('Picked Students (raw)'!$C$2:$C$824<>"")*(('Picked Students (raw)'!$C$2:$C$824-$E12)<300)))))) | AB12: =IF($A12="","",IF(AA12="-","-",IF($G12=0,0,AA12/$G12))) | AC12: =IF($A12="","",IF($E12="","",IF(TODAY()<$E12+330,"-",IF($D12="",SUMPRODUCT(('Picked Students (raw)'!$B$2:$B$824=$C12)*('Picked Students (raw)'!$C$2:$C$824<>"")*(('Picked Students (raw)'!$C$2:$C$824-$E12)<330)),SUMPRODUCT(('Picked Students (raw)'!$B$2:$B$824=$C12)*('Picked Students (raw)'!$D$2:$D$824=$D12)*('Picked Students (raw)'!$C$2:$C$824<>"")*(('Picked Students (raw)'!$C$2:$C$824-$E12)<330)))))) | AD12: =IF($A12="","",IF(AC12="-","-",IF($G12=0,0,AC12/$G12))) | AE12: =IF($A12="","",IF($E12="","",IF(TODAY()<$E12+360,"-",IF($D12="",SUMPRODUCT(('Picked Students (raw)'!$B$2:$B$824=$C12)*('Picked Students (raw)'!$C$2:$C$824<>"")*(('Picked Students (raw)'!$C$2:$C$824-$E12)<360)),SUMPRODUCT(('Picked Students (raw)'!$B$2:$B$824=$C12)*('Picked Students (raw)'!$D$2:$D$824=$D12)*('Picked Students (raw)'!$C$2:$C$824<>"")*(('Picked Students (raw)'!$C$2:$C$824-$E12)<360)))))) | AF12: =IF($A12="","",IF(AE12="-","-",IF($G12=0,0,AE12/$G12))) | AG12: =IF($A12="","",IF($E12="","",IF(TODAY()<$E12+390,"-",IF($D12="",SUMPRODUCT(('Picked Students (raw)'!$B$2:$B$824=$C12)*('Picked Students (raw)'!$C$2:$C$824<>"")*(('Picked Students (raw)'!$C$2:$C$824-$E12)<390)),SUMPRODUCT(('Picked Students (raw)'!$B$2:$B$824=$C12)*('Picked Students (raw)'!$D$2:$D$824=$D12)*('Picked Students (raw)'!$C$2:$C$824<>"")*(('Picked Students (raw)'!$C$2:$C$824-$E12)<390)))))) | AH12: =IF($A12="","",IF(AG12="-","-",IF($G12=0,0,AG12/$G12))) | AI12: =IF($A12="","",IF($E12="","",IF(TODAY()<$E12+420,"-",IF($D12="",SUMPRODUCT(('Picked Students (raw)'!$B$2:$B$824=$C12)*('Picked Students (raw)'!$C$2:$C$824<>"")*(('Picked Students (raw)'!$C$2:$C$824-$E12)<420)),SUMPRODUCT(('Picked Students (raw)'!$B$2:$B$824=$C12)*('Picked Students (raw)'!$D$2:$D$824=$D12)*('Picked Students (raw)'!$C$2:$C$824<>"")*(('Picked Students (raw)'!$C$2:$C$824-$E12)<420)))))) | AJ12: =IF($A12="","",IF(AI12="-","-",IF($G12=0,0,AI12/$G12))) | AK12: =IF($A12="","",IF($E12="","",IF(TODAY()<$E12+450,"-",IF($D12="",SUMPRODUCT(('Picked Students (raw)'!$B$2:$B$824=$C12)*('Picked Students (raw)'!$C$2:$C$824<>"")*(('Picked Students (raw)'!$C$2:$C$824-$E12)<450)),SUMPRODUCT(('Picked Students (raw)'!$B$2:$B$824=$C12)*('Picked Students (raw)'!$D$2:$D$824=$D12)*('Picked Students (raw)'!$C$2:$C$824<>"")*(('Picked Students (raw)'!$C$2:$C$824-$E12)<450)))))) | AL12: =IF($A12="","",IF(AK12="-","-",IF($G12=0,0,AK12/$G12))) | AM12: =IF($A12="","",IF($E12="","",IF(TODAY()<$E12+480,"-",IF($D12="",SUMPRODUCT(('Picked Students (raw)'!$B$2:$B$824=$C12)*('Picked Students (raw)'!$C$2:$C$824<>"")*(('Picked Students (raw)'!$C$2:$C$824-$E12)<480)),SUMPRODUCT(('Picked Students (raw)'!$B$2:$B$824=$C12)*('Picked Students (raw)'!$D$2:$D$824=$D12)*('Picked Students (raw)'!$C$2:$C$824<>"")*(('Picked Students (raw)'!$C$2:$C$824-$E12)<480)))))) | AN12: =IF($A12="","",IF(AM12="-","-",IF($G12=0,0,AM12/$G12))) | AO12: =IF($A12="","",IF($E12="","",IF(TODAY()<$E12+510,"-",IF($D12="",SUMPRODUCT(('Picked Students (raw)'!$B$2:$B$824=$C12)*('Picked Students (raw)'!$C$2:$C$824<>"")*(('Picked Students (raw)'!$C$2:$C$824-$E12)<510)),SUMPRODUCT(('Picked Students (raw)'!$B$2:$B$824=$C12)*('Picked Students (raw)'!$D$2:$D$824=$D12)*('Picked Students (raw)'!$C$2:$C$824<>"")*(('Picked Students (raw)'!$C$2:$C$824-$E12)<510)))))) | AP12: =IF($A12="","",IF(AO12="-","-",IF($G12=0,0,AO12/$G12))) | AQ12: =IF($A12="","",IF($E12="","",IF(TODAY()<$E12+540,"-",IF($D12="",SUMPRODUCT(('Picked Students (raw)'!$B$2:$B$824=$C12)*('Picked Students (raw)'!$C$2:$C$824<>"")*(('Picked Students (raw)'!$C$2:$C$824-$E12)<540)),SUMPRODUCT(('Picked Students (raw)'!$B$2:$B$824=$C12)*('Picked Students (raw)'!$D$2:$D$824=$D12)*('Picked Students (raw)'!$C$2:$C$824<>"")*(('Picked Students (raw)'!$C$2:$C$824-$E12)<540)))))) | AR12: =IF($A12="","",IF(AQ12="-","-",IF($G12=0,0,AQ12/$G12))) | AS12: =IF($A12="","",IF(AQ12="-","-",$H12-AQ12))
A13: Professional Certificate Course In Data Science - January 2024 | B13: =IF($A13="","",IFERROR(IF(INDEX('Batch Enrollment (Metabase)'!$C$2:$C$47,MATCH($A13,'Batch Enrollment (Metabase)'!$A$2:$A$47,0))="GEM","A",IF(INDEX('Batch Enrollment (Metabase)'!$C$2:$C$47,MATCH($A13,'Batch Enrollment (Metabase)'!$A$2:$A$47,0))="Non-GEM","B","")),"")) | C13: =IF($A13="","",IFERROR(INDEX('Batch Enrollment (Metabase)'!$B$2:$B$47,MATCH($A13,'Batch Enrollment (Metabase)'!$A$2:$A$47,0)),"")) | D13: =IF($A13="","",IFERROR(INDEX('Batch Enrollment (Metabase)'!$C$2:$C$47,MATCH($A13,'Batch Enrollment (Metabase)'!$A$2:$A$47,0)),"")) | E13: =IF($A13="","",IFERROR(INDEX('Batch Enrollment (Metabase)'!$D$2:$D$47,MATCH($A13,'Batch Enrollment (Metabase)'!$A$2:$A$47,0)),"")) | F13: =IF($A13="","",IFERROR(INDEX('Batch Enrollment (Metabase)'!$E$2:$E$47,MATCH($A13,'Batch Enrollment (Metabase)'!$A$2:$A$47,0)),"")) | G13: =IF($A13="","",IFERROR(INDEX('Batch Enrollment (Metabase)'!$F$2:$F$47,MATCH($A13,'Batch Enrollment (Metabase)'!$A$2:$A$47,0)),"")) | H13: =IF($A13="","",IF($D13="",COUNTIF('Picked Students (raw)'!$B$2:$B$824,$C13),COUNTIFS('Picked Students (raw)'!$B$2:$B$824,$C13,'Picked Students (raw)'!$D$2:$D$824,$D13))) | I13: =IF($A13="","",IF($E13="","",IF(TODAY()<$E13+30,"-",IF($D13="",SUMPRODUCT(('Picked Students (raw)'!$B$2:$B$824=$C13)*('Picked Students (raw)'!$C$2:$C$824<>"")*(('Picked Students (raw)'!$C$2:$C$824-$E13)<30)),SUMPRODUCT(('Picked Students (raw)'!$B$2:$B$824=$C13)*('Picked Students (raw)'!$D$2:$D$824=$D13)*('Picked Students (raw)'!$C$2:$C$824<>"")*(('Picked Students (raw)'!$C$2:$C$824-$E13)<30)))))) | J13: =IF($A13="","",IF(I13="-","-",IF($G13=0,0,I13/$G13))) | K13: =IF($A13="","",IF($E13="","",IF(TODAY()<$E13+60,"-",IF($D13="",SUMPRODUCT(('Picked Students (raw)'!$B$2:$B$824=$C13)*('Picked Students (raw)'!$C$2:$C$824<>"")*(('Picked Students (raw)'!$C$2:$C$824-$E13)<60)),SUMPRODUCT(('Picked Students (raw)'!$B$2:$B$824=$C13)*('Picked Students (raw)'!$D$2:$D$824=$D13)*('Picked Students (raw)'!$C$2:$C$824<>"")*(('Picked Students (raw)'!$C$2:$C$824-$E13)<60)))))) | L13: =IF($A13="","",IF(K13="-","-",IF($G13=0,0,K13/$G13))) | M13: =IF($A13="","",IF($E13="","",IF(TODAY()<$E13+90,"-",IF($D13="",SUMPRODUCT(('Picked Students (raw)'!$B$2:$B$824=$C13)*('Picked Students (raw)'!$C$2:$C$824<>"")*(('Picked Students (raw)'!$C$2:$C$824-$E13)<90)),SUMPRODUCT(('Picked Students (raw)'!$B$2:$B$824=$C13)*('Picked Students (raw)'!$D$2:$D$824=$D13)*('Picked Students (raw)'!$C$2:$C$824<>"")*(('Picked Students (raw)'!$C$2:$C$824-$E13)<90)))))) | N13: =IF($A13="","",IF(M13="-","-",IF($G13=0,0,M13/$G13))) | O13: =IF($A13="","",IF($E13="","",IF(TODAY()<$E13+120,"-",IF($D13="",SUMPRODUCT(('Picked Students (raw)'!$B$2:$B$824=$C13)*('Picked Students (raw)'!$C$2:$C$824<>"")*(('Picked Students (raw)'!$C$2:$C$824-$E13)<120)),SUMPRODUCT(('Picked Students (raw)'!$B$2:$B$824=$C13)*('Picked Students (raw)'!$D$2:$D$824=$D13)*('Picked Students (raw)'!$C$2:$C$824<>"")*(('Picked Students (raw)'!$C$2:$C$824-$E13)<120)))))) | P13: =IF($A13="","",IF(O13="-","-",IF($G13=0,0,O13/$G13))) | Q13: =IF($A13="","",IF($E13="","",IF(TODAY()<$E13+150,"-",IF($D13="",SUMPRODUCT(('Picked Students (raw)'!$B$2:$B$824=$C13)*('Picked Students (raw)'!$C$2:$C$824<>"")*(('Picked Students (raw)'!$C$2:$C$824-$E13)<150)),SUMPRODUCT(('Picked Students (raw)'!$B$2:$B$824=$C13)*('Picked Students (raw)'!$D$2:$D$824=$D13)*('Picked Students (raw)'!$C$2:$C$824<>"")*(('Picked Students (raw)'!$C$2:$C$824-$E13)<150)))))) | R13: =IF($A13="","",IF(Q13="-","-",IF($G13=0,0,Q13/$G13))) | S13: =IF($A13="","",IF($E13="","",IF(TODAY()<$E13+180,"-",IF($D13="",SUMPRODUCT(('Picked Students (raw)'!$B$2:$B$824=$C13)*('Picked Students (raw)'!$C$2:$C$824<>"")*(('Picked Students (raw)'!$C$2:$C$824-$E13)<180)),SUMPRODUCT(('Picked Students (raw)'!$B$2:$B$824=$C13)*('Picked Students (raw)'!$D$2:$D$824=$D13)*('Picked Students (raw)'!$C$2:$C$824<>"")*(('Picked Students (raw)'!$C$2:$C$824-$E13)<180)))))) | T13: =IF($A13="","",IF(S13="-","-",IF($G13=0,0,S13/$G13))) | U13: =IF($A13="","",IF($E13="","",IF(TODAY()<$E13+210,"-",IF($D13="",SUMPRODUCT(('Picked Students (raw)'!$B$2:$B$824=$C13)*('Picked Students (raw)'!$C$2:$C$824<>"")*(('Picked Students (raw)'!$C$2:$C$824-$E13)<210)),SUMPRODUCT(('Picked Students (raw)'!$B$2:$B$824=$C13)*('Picked Students (raw)'!$D$2:$D$824=$D13)*('Picked Students (raw)'!$C$2:$C$824<>"")*(('Picked Students (raw)'!$C$2:$C$824-$E13)<210)))))) | V13: =IF($A13="","",IF(U13="-","-",IF($G13=0,0,U13/$G13))) | W13: =IF($A13="","",IF($E13="","",IF(TODAY()<$E13+240,"-",IF($D13="",SUMPRODUCT(('Picked Students (raw)'!$B$2:$B$824=$C13)*('Picked Students (raw)'!$C$2:$C$824<>"")*(('Picked Students (raw)'!$C$2:$C$824-$E13)<240)),SUMPRODUCT(('Picked Students (raw)'!$B$2:$B$824=$C13)*('Picked Students (raw)'!$D$2:$D$824=$D13)*('Picked Students (raw)'!$C$2:$C$824<>"")*(('Picked Students (raw)'!$C$2:$C$824-$E13)<240)))))) | X13: =IF($A13="","",IF(W13="-","-",IF($G13=0,0,W13/$G13))) | Y13: =IF($A13="","",IF($E13="","",IF(TODAY()<$E13+270,"-",IF($D13="",SUMPRODUCT(('Picked Students (raw)'!$B$2:$B$824=$C13)*('Picked Students (raw)'!$C$2:$C$824<>"")*(('Picked Students (raw)'!$C$2:$C$824-$E13)<270)),SUMPRODUCT(('Picked Students (raw)'!$B$2:$B$824=$C13)*('Picked Students (raw)'!$D$2:$D$824=$D13)*('Picked Students (raw)'!$C$2:$C$824<>"")*(('Picked Students (raw)'!$C$2:$C$824-$E13)<270)))))) | Z13: =IF($A13="","",IF(Y13="-","-",IF($G13=0,0,Y13/$G13))) | AA13: =IF($A13="","",IF($E13="","",IF(TODAY()<$E13+300,"-",IF($D13="",SUMPRODUCT(('Picked Students (raw)'!$B$2:$B$824=$C13)*('Picked Students (raw)'!$C$2:$C$824<>"")*(('Picked Students (raw)'!$C$2:$C$824-$E13)<300)),SUMPRODUCT(('Picked Students (raw)'!$B$2:$B$824=$C13)*('Picked Students (raw)'!$D$2:$D$824=$D13)*('Picked Students (raw)'!$C$2:$C$824<>"")*(('Picked Students (raw)'!$C$2:$C$824-$E13)<300)))))) | AB13: =IF($A13="","",IF(AA13="-","-",IF($G13=0,0,AA13/$G13))) | AC13: =IF($A13="","",IF($E13="","",IF(TODAY()<$E13+330,"-",IF($D13="",SUMPRODUCT(('Picked Students (raw)'!$B$2:$B$824=$C13)*('Picked Students (raw)'!$C$2:$C$824<>"")*(('Picked Students (raw)'!$C$2:$C$824-$E13)<330)),SUMPRODUCT(('Picked Students (raw)'!$B$2:$B$824=$C13)*('Picked Students (raw)'!$D$2:$D$824=$D13)*('Picked Students (raw)'!$C$2:$C$824<>"")*(('Picked Students (raw)'!$C$2:$C$824-$E13)<330)))))) | AD13: =IF($A13="","",IF(AC13="-","-",IF($G13=0,0,AC13/$G13))) | AE13: =IF($A13="","",IF($E13="","",IF(TODAY()<$E13+360,"-",IF($D13="",SUMPRODUCT(('Picked Students (raw)'!$B$2:$B$824=$C13)*('Picked Students (raw)'!$C$2:$C$824<>"")*(('Picked Students (raw)'!$C$2:$C$824-$E13)<360)),SUMPRODUCT(('Picked Students (raw)'!$B$2:$B$824=$C13)*('Picked Students (raw)'!$D$2:$D$824=$D13)*('Picked Students (raw)'!$C$2:$C$824<>"")*(('Picked Students (raw)'!$C$2:$C$824-$E13)<360)))))) | AF13: =IF($A13="","",IF(AE13="-","-",IF($G13=0,0,AE13/$G13))) | AG13: =IF($A13="","",IF($E13="","",IF(TODAY()<$E13+390,"-",IF($D13="",SUMPRODUCT(('Picked Students (raw)'!$B$2:$B$824=$C13)*('Picked Students (raw)'!$C$2:$C$824<>"")*(('Picked Students (raw)'!$C$2:$C$824-$E13)<390)),SUMPRODUCT(('Picked Students (raw)'!$B$2:$B$824=$C13)*('Picked Students (raw)'!$D$2:$D$824=$D13)*('Picked Students (raw)'!$C$2:$C$824<>"")*(('Picked Students (raw)'!$C$2:$C$824-$E13)<390)))))) | AH13: =IF($A13="","",IF(AG13="-","-",IF($G13=0,0,AG13/$G13))) | AI13: =IF($A13="","",IF($E13="","",IF(TODAY()<$E13+420,"-",IF($D13="",SUMPRODUCT(('Picked Students (raw)'!$B$2:$B$824=$C13)*('Picked Students (raw)'!$C$2:$C$824<>"")*(('Picked Students (raw)'!$C$2:$C$824-$E13)<420)),SUMPRODUCT(('Picked Students (raw)'!$B$2:$B$824=$C13)*('Picked Students (raw)'!$D$2:$D$824=$D13)*('Picked Students (raw)'!$C$2:$C$824<>"")*(('Picked Students (raw)'!$C$2:$C$824-$E13)<420)))))) | AJ13: =IF($A13="","",IF(AI13="-","-",IF($G13=0,0,AI13/$G13))) | AK13: =IF($A13="","",IF($E13="","",IF(TODAY()<$E13+450,"-",IF($D13="",SUMPRODUCT(('Picked Students (raw)'!$B$2:$B$824=$C13)*('Picked Students (raw)'!$C$2:$C$824<>"")*(('Picked Students (raw)'!$C$2:$C$824-$E13)<450)),SUMPRODUCT(('Picked Students (raw)'!$B$2:$B$824=$C13)*('Picked Students (raw)'!$D$2:$D$824=$D13)*('Picked Students (raw)'!$C$2:$C$824<>"")*(('Picked Students (raw)'!$C$2:$C$824-$E13)<450)))))) | AL13: =IF($A13="","",IF(AK13="-","-",IF($G13=0,0,AK13/$G13))) | AM13: =IF($A13="","",IF($E13="","",IF(TODAY()<$E13+480,"-",IF($D13="",SUMPRODUCT(('Picked Students (raw)'!$B$2:$B$824=$C13)*('Picked Students (raw)'!$C$2:$C$824<>"")*(('Picked Students (raw)'!$C$2:$C$824-$E13)<480)),SUMPRODUCT(('Picked Students (raw)'!$B$2:$B$824=$C13)*('Picked Students (raw)'!$D$2:$D$824=$D13)*('Picked Students (raw)'!$C$2:$C$824<>"")*(('Picked Students (raw)'!$C$2:$C$824-$E13)<480)))))) | AN13: =IF($A13="","",IF(AM13="-","-",IF($G13=0,0,AM13/$G13))) | AO13: =IF($A13="","",IF($E13="","",IF(TODAY()<$E13+510,"-",IF($D13="",SUMPRODUCT(('Picked Students (raw)'!$B$2:$B$824=$C13)*('Picked Students (raw)'!$C$2:$C$824<>"")*(('Picked Students (raw)'!$C$2:$C$824-$E13)<510)),SUMPRODUCT(('Picked Students (raw)'!$B$2:$B$824=$C13)*('Picked Students (raw)'!$D$2:$D$824=$D13)*('Picked Students (raw)'!$C$2:$C$824<>"")*(('Picked Students (raw)'!$C$2:$C$824-$E13)<510)))))) | AP13: =IF($A13="","",IF(AO13="-","-",IF($G13=0,0,AO13/$G13))) | AQ13: =IF($A13="","",IF($E13="","",IF(TODAY()<$E13+540,"-",IF($D13="",SUMPRODUCT(('Picked Students (raw)'!$B$2:$B$824=$C13)*('Picked Students (raw)'!$C$2:$C$824<>"")*(('Picked Students (raw)'!$C$2:$C$824-$E13)<540)),SUMPRODUCT(('Picked Students (raw)'!$B$2:$B$824=$C13)*('Picked Students (raw)'!$D$2:$D$824=$D13)*('Picked Students (raw)'!$C$2:$C$824<>"")*(('Picked Students (raw)'!$C$2:$C$824-$E13)<540)))))) | AR13: =IF($A13="","",IF(AQ13="-","-",IF($G13=0,0,AQ13/$G13))) | AS13: =IF($A13="","",IF(AQ13="-","-",$H13-AQ13))
... A47: Professional Certificate Course In Data Science October 2026 | B47: =IF($A47="","",IFERROR(IF(INDEX('Batch Enrollment (Metabase)'!$C$2:$C$47,MATCH($A47,'Batch Enrollment (Metabase)'!$A$2:$A$47,0))="GEM","A",IF(INDEX('Batch Enrollment (Metabase)'!$C$2:$C$47,MATCH($A47,'Batch Enrollment (Metabase)'!$A$2:$A$47,0))="Non-GEM","B","")),"")) | C47: =IF($A47="","",IFERROR(INDEX('Batch Enrollment (Metabase)'!$B$2:$B$47,MATCH($A47,'Batch Enrollment (Metabase)'!$A$2:$A$47,0)),"")) | D47: =IF($A47="","",IFERROR(INDEX('Batch Enrollment (Metabase)'!$C$2:$C$47,MATCH($A47,'Batch Enrollment (Metabase)'!$A$2:$A$47,0)),"")) | E47: =IF($A47="","",IFERROR(INDEX('Batch Enrollment (Metabase)'!$D$2:$D$47,MATCH($A47,'Batch Enrollment (Metabase)'!$A$2:$A$47,0)),"")) | F47: =IF($A47="","",IFERROR(INDEX('Batch Enrollment (Metabase)'!$E$2:$E$47,MATCH($A47,'Batch Enrollment (Metabase)'!$A$2:$A$47,0)),"")) | G47: =IF($A47="","",IFERROR(INDEX('Batch Enrollment (Metabase)'!$F$2:$F$47,MATCH($A47,'Batch Enrollment (Metabase)'!$A$2:$A$47,0)),"")) | H47: =IF($A47="","",IF($D47="",COUNTIF('Picked Students (raw)'!$B$2:$B$824,$C47),COUNTIFS('Picked Students (raw)'!$B$2:$B$824,$C47,'Picked Students (raw)'!$D$2:$D$824,$D47))) | I47: =IF($A47="","",IF($E47="","",IF(TODAY()<$E47+30,"-",IF($D47="",SUMPRODUCT(('Picked Students (raw)'!$B$2:$B$824=$C47)*('Picked Students (raw)'!$C$2:$C$824<>"")*(('Picked Students (raw)'!$C$2:$C$824-$E47)<30)),SUMPRODUCT(('Picked Students (raw)'!$B$2:$B$824=$C47)*('Picked Students (raw)'!$D$2:$D$824=$D47)*('Picked Students (raw)'!$C$2:$C$824<>"")*(('Picked Students (raw)'!$C$2:$C$824-$E47)<30)))))) | J47: =IF($A47="","",IF(I47="-","-",IF($G47=0,0,I47/$G47))) | K47: =IF($A47="","",IF($E47="","",IF(TODAY()<$E47+60,"-",IF($D47="",SUMPRODUCT(('Picked Students (raw)'!$B$2:$B$824=$C47)*('Picked Students (raw)'!$C$2:$C$824<>"")*(('Picked Students (raw)'!$C$2:$C$824-$E47)<60)),SUMPRODUCT(('Picked Students (raw)'!$B$2:$B$824=$C47)*('Picked Students (raw)'!$D$2:$D$824=$D47)*('Picked Students (raw)'!$C$2:$C$824<>"")*(('Picked Students (raw)'!$C$2:$C$824-$E47)<60)))))) | L47: =IF($A47="","",IF(K47="-","-",IF($G47=0,0,K47/$G47))) | M47: =IF($A47="","",IF($E47="","",IF(TODAY()<$E47+90,"-",IF($D47="",SUMPRODUCT(('Picked Students (raw)'!$B$2:$B$824=$C47)*('Picked Students (raw)'!$C$2:$C$824<>"")*(('Picked Students (raw)'!$C$2:$C$824-$E47)<90)),SUMPRODUCT(('Picked Students (raw)'!$B$2:$B$824=$C47)*('Picked Students (raw)'!$D$2:$D$824=$D47)*('Picked Students (raw)'!$C$2:$C$824<>"")*(('Picked Students (raw)'!$C$2:$C$824-$E47)<90)))))) | N47: =IF($A47="","",IF(M47="-","-",IF($G47=0,0,M47/$G47))) | O47: =IF($A47="","",IF($E47="","",IF(TODAY()<$E47+120,"-",IF($D47="",SUMPRODUCT(('Picked Students (raw)'!$B$2:$B$824=$C47)*('Picked Students (raw)'!$C$2:$C$824<>"")*(('Picked Students (raw)'!$C$2:$C$824-$E47)<120)),SUMPRODUCT(('Picked Students (raw)'!$B$2:$B$824=$C47)*('Picked Students (raw)'!$D$2:$D$824=$D47)*('Picked Students (raw)'!$C$2:$C$824<>"")*(('Picked Students (raw)'!$C$2:$C$824-$E47)<120)))))) | P47: =IF($A47="","",IF(O47="-","-",IF($G47=0,0,O47/$G47))) | Q47: =IF($A47="","",IF($E47="","",IF(TODAY()<$E47+150,"-",IF($D47="",SUMPRODUCT(('Picked Students (raw)'!$B$2:$B$824=$C47)*('Picked Students (raw)'!$C$2:$C$824<>"")*(('Picked Students (raw)'!$C$2:$C$824-$E47)<150)),SUMPRODUCT(('Picked Students (raw)'!$B$2:$B$824=$C47)*('Picked Students (raw)'!$D$2:$D$824=$D47)*('Picked Students (raw)'!$C$2:$C$824<>"")*(('Picked Students (raw)'!$C$2:$C$824-$E47)<150)))))) | R47: =IF($A47="","",IF(Q47="-","-",IF($G47=0,0,Q47/$G47))) | S47: =IF($A47="","",IF($E47="","",IF(TODAY()<$E47+180,"-",IF($D47="",SUMPRODUCT(('Picked Students (raw)'!$B$2:$B$824=$C47)*('Picked Students (raw)'!$C$2:$C$824<>"")*(('Picked Students (raw)'!$C$2:$C$824-$E47)<180)),SUMPRODUCT(('Picked Students (raw)'!$B$2:$B$824=$C47)*('Picked Students (raw)'!$D$2:$D$824=$D47)*('Picked Students (raw)'!$C$2:$C$824<>"")*(('Picked Students (raw)'!$C$2:$C$824-$E47)<180)))))) | T47: =IF($A47="","",IF(S47="-","-",IF($G47=0,0,S47/$G47))) | U47: =IF($A47="","",IF($E47="","",IF(TODAY()<$E47+210,"-",IF($D47="",SUMPRODUCT(('Picked Students (raw)'!$B$2:$B$824=$C47)*('Picked Students (raw)'!$C$2:$C$824<>"")*(('Picked Students (raw)'!$C$2:$C$824-$E47)<210)),SUMPRODUCT(('Picked Students (raw)'!$B$2:$B$824=$C47)*('Picked Students (raw)'!$D$2:$D$824=$D47)*('Picked Students (raw)'!$C$2:$C$824<>"")*(('Picked Students (raw)'!$C$2:$C$824-$E47)<210)))))) | V47: =IF($A47="","",IF(U47="-","-",IF($G47=0,0,U47/$G47))) | W47: =IF($A47="","",IF($E47="","",IF(TODAY()<$E47+240,"-",IF($D47="",SUMPRODUCT(('Picked Students (raw)'!$B$2:$B$824=$C47)*('Picked Students (raw)'!$C$2:$C$824<>"")*(('Picked Students (raw)'!$C$2:$C$824-$E47)<240)),SUMPRODUCT(('Picked Students (raw)'!$B$2:$B$824=$C47)*('Picked Students (raw)'!$D$2:$D$824=$D47)*('Picked Students (raw)'!$C$2:$C$824<>"")*(('Picked Students (raw)'!$C$2:$C$824-$E47)<240)))))) | X47: =IF($A47="","",IF(W47="-","-",IF($G47=0,0,W47/$G47))) | Y47: =IF($A47="","",IF($E47="","",IF(TODAY()<$E47+270,"-",IF($D47="",SUMPRODUCT(('Picked Students (raw)'!$B$2:$B$824=$C47)*('Picked Students (raw)'!$C$2:$C$824<>"")*(('Picked Students (raw)'!$C$2:$C$824-$E47)<270)),SUMPRODUCT(('Picked Students (raw)'!$B$2:$B$824=$C47)*('Picked Students (raw)'!$D$2:$D$824=$D47)*('Picked Students (raw)'!$C$2:$C$824<>"")*(('Picked Students (raw)'!$C$2:$C$824-$E47)<270)))))) | Z47: =IF($A47="","",IF(Y47="-","-",IF($G47=0,0,Y47/$G47))) | AA47: =IF($A47="","",IF($E47="","",IF(TODAY()<$E47+300,"-",IF($D47="",SUMPRODUCT(('Picked Students (raw)'!$B$2:$B$824=$C47)*('Picked Students (raw)'!$C$2:$C$824<>"")*(('Picked Students (raw)'!$C$2:$C$824-$E47)<300)),SUMPRODUCT(('Picked Students (raw)'!$B$2:$B$824=$C47)*('Picked Students (raw)'!$D$2:$D$824=$D47)*('Picked Students (raw)'!$C$2:$C$824<>"")*(('Picked Students (raw)'!$C$2:$C$824-$E47)<300)))))) | AB47: =IF($A47="","",IF(AA47="-","-",IF($G47=0,0,AA47/$G47))) | AC47: =IF($A47="","",IF($E47="","",IF(TODAY()<$E47+330,"-",IF($D47="",SUMPRODUCT(('Picked Students (raw)'!$B$2:$B$824=$C47)*('Picked Students (raw)'!$C$2:$C$824<>"")*(('Picked Students (raw)'!$C$2:$C$824-$E47)<330)),SUMPRODUCT(('Picked Students (raw)'!$B$2:$B$824=$C47)*('Picked Students (raw)'!$D$2:$D$824=$D47)*('Picked Students (raw)'!$C$2:$C$824<>"")*(('Picked Students (raw)'!$C$2:$C$824-$E47)<330)))))) | AD47: =IF($A47="","",IF(AC47="-","-",IF($G47=0,0,AC47/$G47))) | AE47: =IF($A47="","",IF($E47="","",IF(TODAY()<$E47+360,"-",IF($D47="",SUMPRODUCT(('Picked Students (raw)'!$B$2:$B$824=$C47)*('Picked Students (raw)'!$C$2:$C$824<>"")*(('Picked Students (raw)'!$C$2:$C$824-$E47)<360)),SUMPRODUCT(('Picked Students (raw)'!$B$2:$B$824=$C47)*('Picked Students (raw)'!$D$2:$D$824=$D47)*('Picked Students (raw)'!$C$2:$C$824<>"")*(('Picked Students (raw)'!$C$2:$C$824-$E47)<360)))))) | AF47: =IF($A47="","",IF(AE47="-","-",IF($G47=0,0,AE47/$G47))) | AG47: =IF($A47="","",IF($E47="","",IF(TODAY()<$E47+390,"-",IF($D47="",SUMPRODUCT(('Picked Students (raw)'!$B$2:$B$824=$C47)*('Picked Students (raw)'!$C$2:$C$824<>"")*(('Picked Students (raw)'!$C$2:$C$824-$E47)<390)),SUMPRODUCT(('Picked Students (raw)'!$B$2:$B$824=$C47)*('Picked Students (raw)'!$D$2:$D$824=$D47)*('Picked Students (raw)'!$C$2:$C$824<>"")*(('Picked Students (raw)'!$C$2:$C$824-$E47)<390)))))) | AH47: =IF($A47="","",IF(AG47="-","-",IF($G47=0,0,AG47/$G47))) | AI47: =IF($A47="","",IF($E47="","",IF(TODAY()<$E47+420,"-",IF($D47="",SUMPRODUCT(('Picked Students (raw)'!$B$2:$B$824=$C47)*('Picked Students (raw)'!$C$2:$C$824<>"")*(('Picked Students (raw)'!$C$2:$C$824-$E47)<420)),SUMPRODUCT(('Picked Students (raw)'!$B$2:$B$824=$C47)*('Picked Students (raw)'!$D$2:$D$824=$D47)*('Picked Students (raw)'!$C$2:$C$824<>"")*(('Picked Students (raw)'!$C$2:$C$824-$E47)<420)))))) | AJ47: =IF($A47="","",IF(AI47="-","-",IF($G47=0,0,AI47/$G47))) | AK47: =IF($A47="","",IF($E47="","",IF(TODAY()<$E47+450,"-",IF($D47="",SUMPRODUCT(('Picked Students (raw)'!$B$2:$B$824=$C47)*('Picked Students (raw)'!$C$2:$C$824<>"")*(('Picked Students (raw)'!$C$2:$C$824-$E47)<450)),SUMPRODUCT(('Picked Students (raw)'!$B$2:$B$824=$C47)*('Picked Students (raw)'!$D$2:$D$824=$D47)*('Picked Students (raw)'!$C$2:$C$824<>"")*(('Picked Students (raw)'!$C$2:$C$824-$E47)<450)))))) | AL47: =IF($A47="","",IF(AK47="-","-",IF($G47=0,0,AK47/$G47))) | AM47: =IF($A47="","",IF($E47="","",IF(TODAY()<$E47+480,"-",IF($D47="",SUMPRODUCT(('Picked Students (raw)'!$B$2:$B$824=$C47)*('Picked Students (raw)'!$C$2:$C$824<>"")*(('Picked Students (raw)'!$C$2:$C$824-$E47)<480)),SUMPRODUCT(('Picked Students (raw)'!$B$2:$B$824=$C47)*('Picked Students (raw)'!$D$2:$D$824=$D47)*('Picked Students (raw)'!$C$2:$C$824<>"")*(('Picked Students (raw)'!$C$2:$C$824-$E47)<480)))))) | AN47: =IF($A47="","",IF(AM47="-","-",IF($G47=0,0,AM47/$G47))) | AO47: =IF($A47="","",IF($E47="","",IF(TODAY()<$E47+510,"-",IF($D47="",SUMPRODUCT(('Picked Students (raw)'!$B$2:$B$824=$C47)*('Picked Students (raw)'!$C$2:$C$824<>"")*(('Picked Students (raw)'!$C$2:$C$824-$E47)<510)),SUMPRODUCT(('Picked Students (raw)'!$B$2:$B$824=$C47)*('Picked Students (raw)'!$D$2:$D$824=$D47)*('Picked Students (raw)'!$C$2:$C$824<>"")*(('Picked Students (raw)'!$C$2:$C$824-$E47)<510)))))) | AP47: =IF($A47="","",IF(AO47="-","-",IF($G47=0,0,AO47/$G47))) | AQ47: =IF($A47="","",IF($E47="","",IF(TODAY()<$E47+540,"-",IF($D47="",SUMPRODUCT(('Picked Students (raw)'!$B$2:$B$824=$C47)*('Picked Students (raw)'!$C$2:$C$824<>"")*(('Picked Students (raw)'!$C$2:$C$824-$E47)<540)),SUMPRODUCT(('Picked Students (raw)'!$B$2:$B$824=$C47)*('Picked Students (raw)'!$D$2:$D$824=$D47)*('Picked Students (raw)'!$C$2:$C$824<>"")*(('Picked Students (raw)'!$C$2:$C$824-$E47)<540)))))) | AR47: =IF($A47="","",IF(AQ47="-","-",IF($G47=0,0,AQ47/$G47))) | AS47: =IF($A47="","",IF(AQ47="-","-",$H47-AQ47))
B48: =IF($A48="","",IFERROR(IF(INDEX('Batch Enrollment (Metabase)'!$C$2:$C$47,MATCH($A48,'Batch Enrollment (Metabase)'!$A$2:$A$47,0))="GEM","A",IF(INDEX('Batch Enrollment (Metabase)'!$C$2:$C$47,MATCH($A48,'Batch Enrollment (Metabase)'!$A$2:$A$47,0))="Non-GEM","B","")),"")) | C48: =IF($A48="","",IFERROR(INDEX('Batch Enrollment (Metabase)'!$B$2:$B$47,MATCH($A48,'Batch Enrollment (Metabase)'!$A$2:$A$47,0)),"")) | D48: =IF($A48="","",IFERROR(INDEX('Batch Enrollment (Metabase)'!$C$2:$C$47,MATCH($A48,'Batch Enrollment (Metabase)'!$A$2:$A$47,0)),"")) | E48: =IF($A48="","",IFERROR(INDEX('Batch Enrollment (Metabase)'!$D$2:$D$47,MATCH($A48,'Batch Enrollment (Metabase)'!$A$2:$A$47,0)),"")) | F48: =IF($A48="","",IFERROR(INDEX('Batch Enrollment (Metabase)'!$E$2:$E$47,MATCH($A48,'Batch Enrollment (Metabase)'!$A$2:$A$47,0)),"")) | G48: =IF($A48="","",IFERROR(INDEX('Batch Enrollment (Metabase)'!$F$2:$F$47,MATCH($A48,'Batch Enrollment (Metabase)'!$A$2:$A$47,0)),"")) | H48: =IF($A48="","",IF($D48="",COUNTIF('Picked Students (raw)'!$B$2:$B$824,$C48),COUNTIFS('Picked Students (raw)'!$B$2:$B$824,$C48,'Picked Students (raw)'!$D$2:$D$824,$D48))) | I48: =IF($A48="","",IF($E48="","",IF(TODAY()<$E48+30,"-",IF($D48="",SUMPRODUCT(('Picked Students (raw)'!$B$2:$B$824=$C48)*('Picked Students (raw)'!$C$2:$C$824<>"")*(('Picked Students (raw)'!$C$2:$C$824-$E48)<30)),SUMPRODUCT(('Picked Students (raw)'!$B$2:$B$824=$C48)*('Picked Students (raw)'!$D$2:$D$824=$D48)*('Picked Students (raw)'!$C$2:$C$824<>"")*(('Picked Students (raw)'!$C$2:$C$824-$E48)<30)))))) | J48: =IF($A48="","",IF(I48="-","-",IF($G48=0,0,I48/$G48))) | K48: =IF($A48="","",IF($E48="","",IF(TODAY()<$E48+60,"-",IF($D48="",SUMPRODUCT(('Picked Students (raw)'!$B$2:$B$824=$C48)*('Picked Students (raw)'!$C$2:$C$824<>"")*(('Picked Students (raw)'!$C$2:$C$824-$E48)<60)),SUMPRODUCT(('Picked Students (raw)'!$B$2:$B$824=$C48)*('Picked Students (raw)'!$D$2:$D$824=$D48)*('Picked Students (raw)'!$C$2:$C$824<>"")*(('Picked Students (raw)'!$C$2:$C$824-$E48)<60)))))) | L48: =IF($A48="","",IF(K48="-","-",IF($G48=0,0,K48/$G48))) | M48: =IF($A48="","",IF($E48="","",IF(TODAY()<$E48+90,"-",IF($D48="",SUMPRODUCT(('Picked Students (raw)'!$B$2:$B$824=$C48)*('Picked Students (raw)'!$C$2:$C$824<>"")*(('Picked Students (raw)'!$C$2:$C$824-$E48)<90)),SUMPRODUCT(('Picked Students (raw)'!$B$2:$B$824=$C48)*('Picked Students (raw)'!$D$2:$D$824=$D48)*('Picked Students (raw)'!$C$2:$C$824<>"")*(('Picked Students (raw)'!$C$2:$C$824-$E48)<90)))))) | N48: =IF($A48="","",IF(M48="-","-",IF($G48=0,0,M48/$G48))) | O48: =IF($A48="","",IF($E48="","",IF(TODAY()<$E48+120,"-",IF($D48="",SUMPRODUCT(('Picked Students (raw)'!$B$2:$B$824=$C48)*('Picked Students (raw)'!$C$2:$C$824<>"")*(('Picked Students (raw)'!$C$2:$C$824-$E48)<120)),SUMPRODUCT(('Picked Students (raw)'!$B$2:$B$824=$C48)*('Picked Students (raw)'!$D$2:$D$824=$D48)*('Picked Students (raw)'!$C$2:$C$824<>"")*(('Picked Students (raw)'!$C$2:$C$824-$E48)<120)))))) | P48: =IF($A48="","",IF(O48="-","-",IF($G48=0,0,O48/$G48))) | Q48: =IF($A48="","",IF($E48="","",IF(TODAY()<$E48+150,"-",IF($D48="",SUMPRODUCT(('Picked Students (raw)'!$B$2:$B$824=$C48)*('Picked Students (raw)'!$C$2:$C$824<>"")*(('Picked Students (raw)'!$C$2:$C$824-$E48)<150)),SUMPRODUCT(('Picked Students (raw)'!$B$2:$B$824=$C48)*('Picked Students (raw)'!$D$2:$D$824=$D48)*('Picked Students (raw)'!$C$2:$C$824<>"")*(('Picked Students (raw)'!$C$2:$C$824-$E48)<150)))))) | R48: =IF($A48="","",IF(Q48="-","-",IF($G48=0,0,Q48/$G48))) | S48: =IF($A48="","",IF($E48="","",IF(TODAY()<$E48+180,"-",IF($D48="",SUMPRODUCT(('Picked Students (raw)'!$B$2:$B$824=$C48)*('Picked Students (raw)'!$C$2:$C$824<>"")*(('Picked Students (raw)'!$C$2:$C$824-$E48)<180)),SUMPRODUCT(('Picked Students (raw)'!$B$2:$B$824=$C48)*('Picked Students (raw)'!$D$2:$D$824=$D48)*('Picked Students (raw)'!$C$2:$C$824<>"")*(('Picked Students (raw)'!$C$2:$C$824-$E48)<180)))))) | T48: =IF($A48="","",IF(S48="-","-",IF($G48=0,0,S48/$G48))) | U48: =IF($A48="","",IF($E48="","",IF(TODAY()<$E48+210,"-",IF($D48="",SUMPRODUCT(('Picked Students (raw)'!$B$2:$B$824=$C48)*('Picked Students (raw)'!$C$2:$C$824<>"")*(('Picked Students (raw)'!$C$2:$C$824-$E48)<210)),SUMPRODUCT(('Picked Students (raw)'!$B$2:$B$824=$C48)*('Picked Students (raw)'!$D$2:$D$824=$D48)*('Picked Students (raw)'!$C$2:$C$824<>"")*(('Picked Students (raw)'!$C$2:$C$824-$E48)<210)))))) | V48: =IF($A48="","",IF(U48="-","-",IF($G48=0,0,U48/$G48))) | W48: =IF($A48="","",IF($E48="","",IF(TODAY()<$E48+240,"-",IF($D48="",SUMPRODUCT(('Picked Students (raw)'!$B$2:$B$824=$C48)*('Picked Students (raw)'!$C$2:$C$824<>"")*(('Picked Students (raw)'!$C$2:$C$824-$E48)<240)),SUMPRODUCT(('Picked Students (raw)'!$B$2:$B$824=$C48)*('Picked Students (raw)'!$D$2:$D$824=$D48)*('Picked Students (raw)'!$C$2:$C$824<>"")*(('Picked Students (raw)'!$C$2:$C$824-$E48)<240)))))) | X48: =IF($A48="","",IF(W48="-","-",IF($G48=0,0,W48/$G48))) | Y48: =IF($A48="","",IF($E48="","",IF(TODAY()<$E48+270,"-",IF($D48="",SUMPRODUCT(('Picked Students (raw)'!$B$2:$B$824=$C48)*('Picked Students (raw)'!$C$2:$C$824<>"")*(('Picked Students (raw)'!$C$2:$C$824-$E48)<270)),SUMPRODUCT(('Picked Students (raw)'!$B$2:$B$824=$C48)*('Picked Students (raw)'!$D$2:$D$824=$D48)*('Picked Students (raw)'!$C$2:$C$824<>"")*(('Picked Students (raw)'!$C$2:$C$824-$E48)<270)))))) | Z48: =IF($A48="","",IF(Y48="-","-",IF($G48=0,0,Y48/$G48))) | AA48: =IF($A48="","",IF($E48="","",IF(TODAY()<$E48+300,"-",IF($D48="",SUMPRODUCT(('Picked Students (raw)'!$B$2:$B$824=$C48)*('Picked Students (raw)'!$C$2:$C$824<>"")*(('Picked Students (raw)'!$C$2:$C$824-$E48)<300)),SUMPRODUCT(('Picked Students (raw)'!$B$2:$B$824=$C48)*('Picked Students (raw)'!$D$2:$D$824=$D48)*('Picked Students (raw)'!$C$2:$C$824<>"")*(('Picked Students (raw)'!$C$2:$C$824-$E48)<300)))))) | AB48: =IF($A48="","",IF(AA48="-","-",IF($G48=0,0,AA48/$G48))) | AC48: =IF($A48="","",IF($E48="","",IF(TODAY()<$E48+330,"-",IF($D48="",SUMPRODUCT(('Picked Students (raw)'!$B$2:$B$824=$C48)*('Picked Students (raw)'!$C$2:$C$824<>"")*(('Picked Students (raw)'!$C$2:$C$824-$E48)<330)),SUMPRODUCT(('Picked Students (raw)'!$B$2:$B$824=$C48)*('Picked Students (raw)'!$D$2:$D$824=$D48)*('Picked Students (raw)'!$C$2:$C$824<>"")*(('Picked Students (raw)'!$C$2:$C$824-$E48)<330)))))) | AD48: =IF($A48="","",IF(AC48="-","-",IF($G48=0,0,AC48/$G48))) | AE48: =IF($A48="","",IF($E48="","",IF(TODAY()<$E48+360,"-",IF($D48="",SUMPRODUCT(('Picked Students (raw)'!$B$2:$B$824=$C48)*('Picked Students (raw)'!$C$2:$C$824<>"")*(('Picked Students (raw)'!$C$2:$C$824-$E48)<360)),SUMPRODUCT(('Picked Students (raw)'!$B$2:$B$824=$C48)*('Picked Students (raw)'!$D$2:$D$824=$D48)*('Picked Students (raw)'!$C$2:$C$824<>"")*(('Picked Students (raw)'!$C$2:$C$824-$E48)<360)))))) | AF48: =IF($A48="","",IF(AE48="-","-",IF($G48=0,0,AE48/$G48))) | AG48: =IF($A48="","",IF($E48="","",IF(TODAY()<$E48+390,"-",IF($D48="",SUMPRODUCT(('Picked Students (raw)'!$B$2:$B$824=$C48)*('Picked Students (raw)'!$C$2:$C$824<>"")*(('Picked Students (raw)'!$C$2:$C$824-$E48)<390)),SUMPRODUCT(('Picked Students (raw)'!$B$2:$B$824=$C48)*('Picked Students (raw)'!$D$2:$D$824=$D48)*('Picked Students (raw)'!$C$2:$C$824<>"")*(('Picked Students (raw)'!$C$2:$C$824-$E48)<390)))))) | AH48: =IF($A48="","",IF(AG48="-","-",IF($G48=0,0,AG48/$G48))) | AI48: =IF($A48="","",IF($E48="","",IF(TODAY()<$E48+420,"-",IF($D48="",SUMPRODUCT(('Picked Students (raw)'!$B$2:$B$824=$C48)*('Picked Students (raw)'!$C$2:$C$824<>"")*(('Picked Students (raw)'!$C$2:$C$824-$E48)<420)),SUMPRODUCT(('Picked Students (raw)'!$B$2:$B$824=$C48)*('Picked Students (raw)'!$D$2:$D$824=$D48)*('Picked Students (raw)'!$C$2:$C$824<>"")*(('Picked Students (raw)'!$C$2:$C$824-$E48)<420)))))) | AJ48: =IF($A48="","",IF(AI48="-","-",IF($G48=0,0,AI48/$G48))) | AK48: =IF($A48="","",IF($E48="","",IF(TODAY()<$E48+450,"-",IF($D48="",SUMPRODUCT(('Picked Students (raw)'!$B$2:$B$824=$C48)*('Picked Students (raw)'!$C$2:$C$824<>"")*(('Picked Students (raw)'!$C$2:$C$824-$E48)<450)),SUMPRODUCT(('Picked Students (raw)'!$B$2:$B$824=$C48)*('Picked Students (raw)'!$D$2:$D$824=$D48)*('Picked Students (raw)'!$C$2:$C$824<>"")*(('Picked Students (raw)'!$C$2:$C$824-$E48)<450)))))) | AL48: =IF($A48="","",IF(AK48="-","-",IF($G48=0,0,AK48/$G48))) | AM48: =IF($A48="","",IF($E48="","",IF(TODAY()<$E48+480,"-",IF($D48="",SUMPRODUCT(('Picked Students (raw)'!$B$2:$B$824=$C48)*('Picked Students (raw)'!$C$2:$C$824<>"")*(('Picked Students (raw)'!$C$2:$C$824-$E48)<480)),SUMPRODUCT(('Picked Students (raw)'!$B$2:$B$824=$C48)*('Picked Students (raw)'!$D$2:$D$824=$D48)*('Picked Students (raw)'!$C$2:$C$824<>"")*(('Picked Students (raw)'!$C$2:$C$824-$E48)<480)))))) | AN48: =IF($A48="","",IF(AM48="-","-",IF($G48=0,0,AM48/$G48))) | AO48: =IF($A48="","",IF($E48="","",IF(TODAY()<$E48+510,"-",IF($D48="",SUMPRODUCT(('Picked Students (raw)'!$B$2:$B$824=$C48)*('Picked Students (raw)'!$C$2:$C$824<>"")*(('Picked Students (raw)'!$C$2:$C$824-$E48)<510)),SUMPRODUCT(('Picked Students (raw)'!$B$2:$B$824=$C48)*('Picked Students (raw)'!$D$2:$D$824=$D48)*('Picked Students (raw)'!$C$2:$C$824<>"")*(('Picked Students (raw)'!$C$2:$C$824-$E48)<510)))))) | AP48: =IF($A48="","",IF(AO48="-","-",IF($G48=0,0,AO48/$G48))) | AQ48: =IF($A48="","",IF($E48="","",IF(TODAY()<$E48+540,"-",IF($D48="",SUMPRODUCT(('Picked Students (raw)'!$B$2:$B$824=$C48)*('Picked Students (raw)'!$C$2:$C$824<>"")*(('Picked Students (raw)'!$C$2:$C$824-$E48)<540)),SUMPRODUCT(('Picked Students (raw)'!$B$2:$B$824=$C48)*('Picked Students (raw)'!$D$2:$D$824=$D48)*('Picked Students (raw)'!$C$2:$C$824<>"")*(('Picked Students (raw)'!$C$2:$C$824-$E48)<540)))))) | AR48: =IF($A48="","",IF(AQ48="-","-",IF($G48=0,0,AQ48/$G48))) | AS48: =IF($A48="","",IF(AQ48="-","-",$H48-AQ48))
B49: =IF($A49="","",IFERROR(IF(INDEX('Batch Enrollment (Metabase)'!$C$2:$C$47,MATCH($A49,'Batch Enrollment (Metabase)'!$A$2:$A$47,0))="GEM","A",IF(INDEX('Batch Enrollment (Metabase)'!$C$2:$C$47,MATCH($A49,'Batch Enrollment (Metabase)'!$A$2:$A$47,0))="Non-GEM","B","")),"")) | C49: =IF($A49="","",IFERROR(INDEX('Batch Enrollment (Metabase)'!$B$2:$B$47,MATCH($A49,'Batch Enrollment (Metabase)'!$A$2:$A$47,0)),"")) | D49: =IF($A49="","",IFERROR(INDEX('Batch Enrollment (Metabase)'!$C$2:$C$47,MATCH($A49,'Batch Enrollment (Metabase)'!$A$2:$A$47,0)),"")) | E49: =IF($A49="","",IFERROR(INDEX('Batch Enrollment (Metabase)'!$D$2:$D$47,MATCH($A49,'Batch Enrollment (Metabase)'!$A$2:$A$47,0)),"")) | F49: =IF($A49="","",IFERROR(INDEX('Batch Enrollment (Metabase)'!$E$2:$E$47,MATCH($A49,'Batch Enrollment (Metabase)'!$A$2:$A$47,0)),"")) | G49: =IF($A49="","",IFERROR(INDEX('Batch Enrollment (Metabase)'!$F$2:$F$47,MATCH($A49,'Batch Enrollment (Metabase)'!$A$2:$A$47,0)),"")) | H49: =IF($A49="","",IF($D49="",COUNTIF('Picked Students (raw)'!$B$2:$B$824,$C49),COUNTIFS('Picked Students (raw)'!$B$2:$B$824,$C49,'Picked Students (raw)'!$D$2:$D$824,$D49))) | I49: =IF($A49="","",IF($E49="","",IF(TODAY()<$E49+30,"-",IF($D49="",SUMPRODUCT(('Picked Students (raw)'!$B$2:$B$824=$C49)*('Picked Students (raw)'!$C$2:$C$824<>"")*(('Picked Students (raw)'!$C$2:$C$824-$E49)<30)),SUMPRODUCT(('Picked Students (raw)'!$B$2:$B$824=$C49)*('Picked Students (raw)'!$D$2:$D$824=$D49)*('Picked Students (raw)'!$C$2:$C$824<>"")*(('Picked Students (raw)'!$C$2:$C$824-$E49)<30)))))) | J49: =IF($A49="","",IF(I49="-","-",IF($G49=0,0,I49/$G49))) | K49: =IF($A49="","",IF($E49="","",IF(TODAY()<$E49+60,"-",IF($D49="",SUMPRODUCT(('Picked Students (raw)'!$B$2:$B$824=$C49)*('Picked Students (raw)'!$C$2:$C$824<>"")*(('Picked Students (raw)'!$C$2:$C$824-$E49)<60)),SUMPRODUCT(('Picked Students (raw)'!$B$2:$B$824=$C49)*('Picked Students (raw)'!$D$2:$D$824=$D49)*('Picked Students (raw)'!$C$2:$C$824<>"")*(('Picked Students (raw)'!$C$2:$C$824-$E49)<60)))))) | L49: =IF($A49="","",IF(K49="-","-",IF($G49=0,0,K49/$G49))) | M49: =IF($A49="","",IF($E49="","",IF(TODAY()<$E49+90,"-",IF($D49="",SUMPRODUCT(('Picked Students (raw)'!$B$2:$B$824=$C49)*('Picked Students (raw)'!$C$2:$C$824<>"")*(('Picked Students (raw)'!$C$2:$C$824-$E49)<90)),SUMPRODUCT(('Picked Students (raw)'!$B$2:$B$824=$C49)*('Picked Students (raw)'!$D$2:$D$824=$D49)*('Picked Students (raw)'!$C$2:$C$824<>"")*(('Picked Students (raw)'!$C$2:$C$824-$E49)<90)))))) | N49: =IF($A49="","",IF(M49="-","-",IF($G49=0,0,M49/$G49))) | O49: =IF($A49="","",IF($E49="","",IF(TODAY()<$E49+120,"-",IF($D49="",SUMPRODUCT(('Picked Students (raw)'!$B$2:$B$824=$C49)*('Picked Students (raw)'!$C$2:$C$824<>"")*(('Picked Students (raw)'!$C$2:$C$824-$E49)<120)),SUMPRODUCT(('Picked Students (raw)'!$B$2:$B$824=$C49)*('Picked Students (raw)'!$D$2:$D$824=$D49)*('Picked Students (raw)'!$C$2:$C$824<>"")*(('Picked Students (raw)'!$C$2:$C$824-$E49)<120)))))) | P49: =IF($A49="","",IF(O49="-","-",IF($G49=0,0,O49/$G49))) | Q49: =IF($A49="","",IF($E49="","",IF(TODAY()<$E49+150,"-",IF($D49="",SUMPRODUCT(('Picked Students (raw)'!$B$2:$B$824=$C49)*('Picked Students (raw)'!$C$2:$C$824<>"")*(('Picked Students (raw)'!$C$2:$C$824-$E49)<150)),SUMPRODUCT(('Picked Students (raw)'!$B$2:$B$824=$C49)*('Picked Students (raw)'!$D$2:$D$824=$D49)*('Picked Students (raw)'!$C$2:$C$824<>"")*(('Picked Students (raw)'!$C$2:$C$824-$E49)<150)))))) | R49: =IF($A49="","",IF(Q49="-","-",IF($G49=0,0,Q49/$G49))) | S49: =IF($A49="","",IF($E49="","",IF(TODAY()<$E49+180,"-",IF($D49="",SUMPRODUCT(('Picked Students (raw)'!$B$2:$B$824=$C49)*('Picked Students (raw)'!$C$2:$C$824<>"")*(('Picked Students (raw)'!$C$2:$C$824-$E49)<180)),SUMPRODUCT(('Picked Students (raw)'!$B$2:$B$824=$C49)*('Picked Students (raw)'!$D$2:$D$824=$D49)*('Picked Students (raw)'!$C$2:$C$824<>"")*(('Picked Students (raw)'!$C$2:$C$824-$E49)<180)))))) | T49: =IF($A49="","",IF(S49="-","-",IF($G49=0,0,S49/$G49))) | U49: =IF($A49="","",IF($E49="","",IF(TODAY()<$E49+210,"-",IF($D49="",SUMPRODUCT(('Picked Students (raw)'!$B$2:$B$824=$C49)*('Picked Students (raw)'!$C$2:$C$824<>"")*(('Picked Students (raw)'!$C$2:$C$824-$E49)<210)),SUMPRODUCT(('Picked Students (raw)'!$B$2:$B$824=$C49)*('Picked Students (raw)'!$D$2:$D$824=$D49)*('Picked Students (raw)'!$C$2:$C$824<>"")*(('Picked Students (raw)'!$C$2:$C$824-$E49)<210)))))) | V49: =IF($A49="","",IF(U49="-","-",IF($G49=0,0,U49/$G49))) | W49: =IF($A49="","",IF($E49="","",IF(TODAY()<$E49+240,"-",IF($D49="",SUMPRODUCT(('Picked Students (raw)'!$B$2:$B$824=$C49)*('Picked Students (raw)'!$C$2:$C$824<>"")*(('Picked Students (raw)'!$C$2:$C$824-$E49)<240)),SUMPRODUCT(('Picked Students (raw)'!$B$2:$B$824=$C49)*('Picked Students (raw)'!$D$2:$D$824=$D49)*('Picked Students (raw)'!$C$2:$C$824<>"")*(('Picked Students (raw)'!$C$2:$C$824-$E49)<240)))))) | X49: =IF($A49="","",IF(W49="-","-",IF($G49=0,0,W49/$G49))) | Y49: =IF($A49="","",IF($E49="","",IF(TODAY()<$E49+270,"-",IF($D49="",SUMPRODUCT(('Picked Students (raw)'!$B$2:$B$824=$C49)*('Picked Students (raw)'!$C$2:$C$824<>"")*(('Picked Students (raw)'!$C$2:$C$824-$E49)<270)),SUMPRODUCT(('Picked Students (raw)'!$B$2:$B$824=$C49)*('Picked Students (raw)'!$D$2:$D$824=$D49)*('Picked Students (raw)'!$C$2:$C$824<>"")*(('Picked Students (raw)'!$C$2:$C$824-$E49)<270)))))) | Z49: =IF($A49="","",IF(Y49="-","-",IF($G49=0,0,Y49/$G49))) | AA49: =IF($A49="","",IF($E49="","",IF(TODAY()<$E49+300,"-",IF($D49="",SUMPRODUCT(('Picked Students (raw)'!$B$2:$B$824=$C49)*('Picked Students (raw)'!$C$2:$C$824<>"")*(('Picked Students (raw)'!$C$2:$C$824-$E49)<300)),SUMPRODUCT(('Picked Students (raw)'!$B$2:$B$824=$C49)*('Picked Students (raw)'!$D$2:$D$824=$D49)*('Picked Students (raw)'!$C$2:$C$824<>"")*(('Picked Students (raw)'!$C$2:$C$824-$E49)<300)))))) | AB49: =IF($A49="","",IF(AA49="-","-",IF($G49=0,0,AA49/$G49))) | AC49: =IF($A49="","",IF($E49="","",IF(TODAY()<$E49+330,"-",IF($D49="",SUMPRODUCT(('Picked Students (raw)'!$B$2:$B$824=$C49)*('Picked Students (raw)'!$C$2:$C$824<>"")*(('Picked Students (raw)'!$C$2:$C$824-$E49)<330)),SUMPRODUCT(('Picked Students (raw)'!$B$2:$B$824=$C49)*('Picked Students (raw)'!$D$2:$D$824=$D49)*('Picked Students (raw)'!$C$2:$C$824<>"")*(('Picked Students (raw)'!$C$2:$C$824-$E49)<330)))))) | AD49: =IF($A49="","",IF(AC49="-","-",IF($G49=0,0,AC49/$G49))) | AE49: =IF($A49="","",IF($E49="","",IF(TODAY()<$E49+360,"-",IF($D49="",SUMPRODUCT(('Picked Students (raw)'!$B$2:$B$824=$C49)*('Picked Students (raw)'!$C$2:$C$824<>"")*(('Picked Students (raw)'!$C$2:$C$824-$E49)<360)),SUMPRODUCT(('Picked Students (raw)'!$B$2:$B$824=$C49)*('Picked Students (raw)'!$D$2:$D$824=$D49)*('Picked Students (raw)'!$C$2:$C$824<>"")*(('Picked Students (raw)'!$C$2:$C$824-$E49)<360)))))) | AF49: =IF($A49="","",IF(AE49="-","-",IF($G49=0,0,AE49/$G49))) | AG49: =IF($A49="","",IF($E49="","",IF(TODAY()<$E49+390,"-",IF($D49="",SUMPRODUCT(('Picked Students (raw)'!$B$2:$B$824=$C49)*('Picked Students (raw)'!$C$2:$C$824<>"")*(('Picked Students (raw)'!$C$2:$C$824-$E49)<390)),SUMPRODUCT(('Picked Students (raw)'!$B$2:$B$824=$C49)*('Picked Students (raw)'!$D$2:$D$824=$D49)*('Picked Students (raw)'!$C$2:$C$824<>"")*(('Picked Students (raw)'!$C$2:$C$824-$E49)<390)))))) | AH49: =IF($A49="","",IF(AG49="-","-",IF($G49=0,0,AG49/$G49))) | AI49: =IF($A49="","",IF($E49="","",IF(TODAY()<$E49+420,"-",IF($D49="",SUMPRODUCT(('Picked Students (raw)'!$B$2:$B$824=$C49)*('Picked Students (raw)'!$C$2:$C$824<>"")*(('Picked Students (raw)'!$C$2:$C$824-$E49)<420)),SUMPRODUCT(('Picked Students (raw)'!$B$2:$B$824=$C49)*('Picked Students (raw)'!$D$2:$D$824=$D49)*('Picked Students (raw)'!$C$2:$C$824<>"")*(('Picked Students (raw)'!$C$2:$C$824-$E49)<420)))))) | AJ49: =IF($A49="","",IF(AI49="-","-",IF($G49=0,0,AI49/$G49))) | AK49: =IF($A49="","",IF($E49="","",IF(TODAY()<$E49+450,"-",IF($D49="",SUMPRODUCT(('Picked Students (raw)'!$B$2:$B$824=$C49)*('Picked Students (raw)'!$C$2:$C$824<>"")*(('Picked Students (raw)'!$C$2:$C$824-$E49)<450)),SUMPRODUCT(('Picked Students (raw)'!$B$2:$B$824=$C49)*('Picked Students (raw)'!$D$2:$D$824=$D49)*('Picked Students (raw)'!$C$2:$C$824<>"")*(('Picked Students (raw)'!$C$2:$C$824-$E49)<450)))))) | AL49: =IF($A49="","",IF(AK49="-","-",IF($G49=0,0,AK49/$G49))) | AM49: =IF($A49="","",IF($E49="","",IF(TODAY()<$E49+480,"-",IF($D49="",SUMPRODUCT(('Picked Students (raw)'!$B$2:$B$824=$C49)*('Picked Students (raw)'!$C$2:$C$824<>"")*(('Picked Students (raw)'!$C$2:$C$824-$E49)<480)),SUMPRODUCT(('Picked Students (raw)'!$B$2:$B$824=$C49)*('Picked Students (raw)'!$D$2:$D$824=$D49)*('Picked Students (raw)'!$C$2:$C$824<>"")*(('Picked Students (raw)'!$C$2:$C$824-$E49)<480)))))) | AN49: =IF($A49="","",IF(AM49="-","-",IF($G49=0,0,AM49/$G49))) | AO49: =IF($A49="","",IF($E49="","",IF(TODAY()<$E49+510,"-",IF($D49="",SUMPRODUCT(('Picked Students (raw)'!$B$2:$B$824=$C49)*('Picked Students (raw)'!$C$2:$C$824<>"")*(('Picked Students (raw)'!$C$2:$C$824-$E49)<510)),SUMPRODUCT(('Picked Students (raw)'!$B$2:$B$824=$C49)*('Picked Students (raw)'!$D$2:$D$824=$D49)*('Picked Students (raw)'!$C$2:$C$824<>"")*(('Picked Students (raw)'!$C$2:$C$824-$E49)<510)))))) | AP49: =IF($A49="","",IF(AO49="-","-",IF($G49=0,0,AO49/$G49))) | AQ49: =IF($A49="","",IF($E49="","",IF(TODAY()<$E49+540,"-",IF($D49="",SUMPRODUCT(('Picked Students (raw)'!$B$2:$B$824=$C49)*('Picked Students (raw)'!$C$2:$C$824<>"")*(('Picked Students (raw)'!$C$2:$C$824-$E49)<540)),SUMPRODUCT(('Picked Students (raw)'!$B$2:$B$824=$C49)*('Picked Students (raw)'!$D$2:$D$824=$D49)*('Picked Students (raw)'!$C$2:$C$824<>"")*(('Picked Students (raw)'!$C$2:$C$824-$E49)<540)))))) | AR49: =IF($A49="","",IF(AQ49="-","-",IF($G49=0,0,AQ49/$G49))) | AS49: =IF($A49="","",IF(AQ49="-","-",$H49-AQ49))
B50: =IF($A50="","",IFERROR(IF(INDEX('Batch Enrollment (Metabase)'!$C$2:$C$47,MATCH($A50,'Batch Enrollment (Metabase)'!$A$2:$A$47,0))="GEM","A",IF(INDEX('Batch Enrollment (Metabase)'!$C$2:$C$47,MATCH($A50,'Batch Enrollment (Metabase)'!$A$2:$A$47,0))="Non-GEM","B","")),"")) | C50: =IF($A50="","",IFERROR(INDEX('Batch Enrollment (Metabase)'!$B$2:$B$47,MATCH($A50,'Batch Enrollment (Metabase)'!$A$2:$A$47,0)),"")) | D50: =IF($A50="","",IFERROR(INDEX('Batch Enrollment (Metabase)'!$C$2:$C$47,MATCH($A50,'Batch Enrollment (Metabase)'!$A$2:$A$47,0)),"")) | E50: =IF($A50="","",IFERROR(INDEX('Batch Enrollment (Metabase)'!$D$2:$D$47,MATCH($A50,'Batch Enrollment (Metabase)'!$A$2:$A$47,0)),"")) | F50: =IF($A50="","",IFERROR(INDEX('Batch Enrollment (Metabase)'!$E$2:$E$47,MATCH($A50,'Batch Enrollment (Metabase)'!$A$2:$A$47,0)),"")) | G50: =IF($A50="","",IFERROR(INDEX('Batch Enrollment (Metabase)'!$F$2:$F$47,MATCH($A50,'Batch Enrollment (Metabase)'!$A$2:$A$47,0)),"")) | H50: =IF($A50="","",IF($D50="",COUNTIF('Picked Students (raw)'!$B$2:$B$824,$C50),COUNTIFS('Picked Students (raw)'!$B$2:$B$824,$C50,'Picked Students (raw)'!$D$2:$D$824,$D50))) | I50: =IF($A50="","",IF($E50="","",IF(TODAY()<$E50+30,"-",IF($D50="",SUMPRODUCT(('Picked Students (raw)'!$B$2:$B$824=$C50)*('Picked Students (raw)'!$C$2:$C$824<>"")*(('Picked Students (raw)'!$C$2:$C$824-$E50)<30)),SUMPRODUCT(('Picked Students (raw)'!$B$2:$B$824=$C50)*('Picked Students (raw)'!$D$2:$D$824=$D50)*('Picked Students (raw)'!$C$2:$C$824<>"")*(('Picked Students (raw)'!$C$2:$C$824-$E50)<30)))))) | J50: =IF($A50="","",IF(I50="-","-",IF($G50=0,0,I50/$G50))) | K50: =IF($A50="","",IF($E50="","",IF(TODAY()<$E50+60,"-",IF($D50="",SUMPRODUCT(('Picked Students (raw)'!$B$2:$B$824=$C50)*('Picked Students (raw)'!$C$2:$C$824<>"")*(('Picked Students (raw)'!$C$2:$C$824-$E50)<60)),SUMPRODUCT(('Picked Students (raw)'!$B$2:$B$824=$C50)*('Picked Students (raw)'!$D$2:$D$824=$D50)*('Picked Students (raw)'!$C$2:$C$824<>"")*(('Picked Students (raw)'!$C$2:$C$824-$E50)<60)))))) | L50: =IF($A50="","",IF(K50="-","-",IF($G50=0,0,K50/$G50))) | M50: =IF($A50="","",IF($E50="","",IF(TODAY()<$E50+90,"-",IF($D50="",SUMPRODUCT(('Picked Students (raw)'!$B$2:$B$824=$C50)*('Picked Students (raw)'!$C$2:$C$824<>"")*(('Picked Students (raw)'!$C$2:$C$824-$E50)<90)),SUMPRODUCT(('Picked Students (raw)'!$B$2:$B$824=$C50)*('Picked Students (raw)'!$D$2:$D$824=$D50)*('Picked Students (raw)'!$C$2:$C$824<>"")*(('Picked Students (raw)'!$C$2:$C$824-$E50)<90)))))) | N50: =IF($A50="","",IF(M50="-","-",IF($G50=0,0,M50/$G50))) | O50: =IF($A50="","",IF($E50="","",IF(TODAY()<$E50+120,"-",IF($D50="",SUMPRODUCT(('Picked Students (raw)'!$B$2:$B$824=$C50)*('Picked Students (raw)'!$C$2:$C$824<>"")*(('Picked Students (raw)'!$C$2:$C$824-$E50)<120)),SUMPRODUCT(('Picked Students (raw)'!$B$2:$B$824=$C50)*('Picked Students (raw)'!$D$2:$D$824=$D50)*('Picked Students (raw)'!$C$2:$C$824<>"")*(('Picked Students (raw)'!$C$2:$C$824-$E50)<120)))))) | P50: =IF($A50="","",IF(O50="-","-",IF($G50=0,0,O50/$G50))) | Q50: =IF($A50="","",IF($E50="","",IF(TODAY()<$E50+150,"-",IF($D50="",SUMPRODUCT(('Picked Students (raw)'!$B$2:$B$824=$C50)*('Picked Students (raw)'!$C$2:$C$824<>"")*(('Picked Students (raw)'!$C$2:$C$824-$E50)<150)),SUMPRODUCT(('Picked Students (raw)'!$B$2:$B$824=$C50)*('Picked Students (raw)'!$D$2:$D$824=$D50)*('Picked Students (raw)'!$C$2:$C$824<>"")*(('Picked Students (raw)'!$C$2:$C$824-$E50)<150)))))) | R50: =IF($A50="","",IF(Q50="-","-",IF($G50=0,0,Q50/$G50))) | S50: =IF($A50="","",IF($E50="","",IF(TODAY()<$E50+180,"-",IF($D50="",SUMPRODUCT(('Picked Students (raw)'!$B$2:$B$824=$C50)*('Picked Students (raw)'!$C$2:$C$824<>"")*(('Picked Students (raw)'!$C$2:$C$824-$E50)<180)),SUMPRODUCT(('Picked Students (raw)'!$B$2:$B$824=$C50)*('Picked Students (raw)'!$D$2:$D$824=$D50)*('Picked Students (raw)'!$C$2:$C$824<>"")*(('Picked Students (raw)'!$C$2:$C$824-$E50)<180)))))) | T50: =IF($A50="","",IF(S50="-","-",IF($G50=0,0,S50/$G50))) | U50: =IF($A50="","",IF($E50="","",IF(TODAY()<$E50+210,"-",IF($D50="",SUMPRODUCT(('Picked Students (raw)'!$B$2:$B$824=$C50)*('Picked Students (raw)'!$C$2:$C$824<>"")*(('Picked Students (raw)'!$C$2:$C$824-$E50)<210)),SUMPRODUCT(('Picked Students (raw)'!$B$2:$B$824=$C50)*('Picked Students (raw)'!$D$2:$D$824=$D50)*('Picked Students (raw)'!$C$2:$C$824<>"")*(('Picked Students (raw)'!$C$2:$C$824-$E50)<210)))))) | V50: =IF($A50="","",IF(U50="-","-",IF($G50=0,0,U50/$G50))) | W50: =IF($A50="","",IF($E50="","",IF(TODAY()<$E50+240,"-",IF($D50="",SUMPRODUCT(('Picked Students (raw)'!$B$2:$B$824=$C50)*('Picked Students (raw)'!$C$2:$C$824<>"")*(('Picked Students (raw)'!$C$2:$C$824-$E50)<240)),SUMPRODUCT(('Picked Students (raw)'!$B$2:$B$824=$C50)*('Picked Students (raw)'!$D$2:$D$824=$D50)*('Picked Students (raw)'!$C$2:$C$824<>"")*(('Picked Students (raw)'!$C$2:$C$824-$E50)<240)))))) | X50: =IF($A50="","",IF(W50="-","-",IF($G50=0,0,W50/$G50))) | Y50: =IF($A50="","",IF($E50="","",IF(TODAY()<$E50+270,"-",IF($D50="",SUMPRODUCT(('Picked Students (raw)'!$B$2:$B$824=$C50)*('Picked Students (raw)'!$C$2:$C$824<>"")*(('Picked Students (raw)'!$C$2:$C$824-$E50)<270)),SUMPRODUCT(('Picked Students (raw)'!$B$2:$B$824=$C50)*('Picked Students (raw)'!$D$2:$D$824=$D50)*('Picked Students (raw)'!$C$2:$C$824<>"")*(('Picked Students (raw)'!$C$2:$C$824-$E50)<270)))))) | Z50: =IF($A50="","",IF(Y50="-","-",IF($G50=0,0,Y50/$G50))) | AA50: =IF($A50="","",IF($E50="","",IF(TODAY()<$E50+300,"-",IF($D50="",SUMPRODUCT(('Picked Students (raw)'!$B$2:$B$824=$C50)*('Picked Students (raw)'!$C$2:$C$824<>"")*(('Picked Students (raw)'!$C$2:$C$824-$E50)<300)),SUMPRODUCT(('Picked Students (raw)'!$B$2:$B$824=$C50)*('Picked Students (raw)'!$D$2:$D$824=$D50)*('Picked Students (raw)'!$C$2:$C$824<>"")*(('Picked Students (raw)'!$C$2:$C$824-$E50)<300)))))) | AB50: =IF($A50="","",IF(AA50="-","-",IF($G50=0,0,AA50/$G50))) | AC50: =IF($A50="","",IF($E50="","",IF(TODAY()<$E50+330,"-",IF($D50="",SUMPRODUCT(('Picked Students (raw)'!$B$2:$B$824=$C50)*('Picked Students (raw)'!$C$2:$C$824<>"")*(('Picked Students (raw)'!$C$2:$C$824-$E50)<330)),SUMPRODUCT(('Picked Students (raw)'!$B$2:$B$824=$C50)*('Picked Students (raw)'!$D$2:$D$824=$D50)*('Picked Students (raw)'!$C$2:$C$824<>"")*(('Picked Students (raw)'!$C$2:$C$824-$E50)<330)))))) | AD50: =IF($A50="","",IF(AC50="-","-",IF($G50=0,0,AC50/$G50))) | AE50: =IF($A50="","",IF($E50="","",IF(TODAY()<$E50+360,"-",IF($D50="",SUMPRODUCT(('Picked Students (raw)'!$B$2:$B$824=$C50)*('Picked Students (raw)'!$C$2:$C$824<>"")*(('Picked Students (raw)'!$C$2:$C$824-$E50)<360)),SUMPRODUCT(('Picked Students (raw)'!$B$2:$B$824=$C50)*('Picked Students (raw)'!$D$2:$D$824=$D50)*('Picked Students (raw)'!$C$2:$C$824<>"")*(('Picked Students (raw)'!$C$2:$C$824-$E50)<360)))))) | AF50: =IF($A50="","",IF(AE50="-","-",IF($G50=0,0,AE50/$G50))) | AG50: =IF($A50="","",IF($E50="","",IF(TODAY()<$E50+390,"-",IF($D50="",SUMPRODUCT(('Picked Students (raw)'!$B$2:$B$824=$C50)*('Picked Students (raw)'!$C$2:$C$824<>"")*(('Picked Students (raw)'!$C$2:$C$824-$E50)<390)),SUMPRODUCT(('Picked Students (raw)'!$B$2:$B$824=$C50)*('Picked Students (raw)'!$D$2:$D$824=$D50)*('Picked Students (raw)'!$C$2:$C$824<>"")*(('Picked Students (raw)'!$C$2:$C$824-$E50)<390)))))) | AH50: =IF($A50="","",IF(AG50="-","-",IF($G50=0,0,AG50/$G50))) | AI50: =IF($A50="","",IF($E50="","",IF(TODAY()<$E50+420,"-",IF($D50="",SUMPRODUCT(('Picked Students (raw)'!$B$2:$B$824=$C50)*('Picked Students (raw)'!$C$2:$C$824<>"")*(('Picked Students (raw)'!$C$2:$C$824-$E50)<420)),SUMPRODUCT(('Picked Students (raw)'!$B$2:$B$824=$C50)*('Picked Students (raw)'!$D$2:$D$824=$D50)*('Picked Students (raw)'!$C$2:$C$824<>"")*(('Picked Students (raw)'!$C$2:$C$824-$E50)<420)))))) | AJ50: =IF($A50="","",IF(AI50="-","-",IF($G50=0,0,AI50/$G50))) | AK50: =IF($A50="","",IF($E50="","",IF(TODAY()<$E50+450,"-",IF($D50="",SUMPRODUCT(('Picked Students (raw)'!$B$2:$B$824=$C50)*('Picked Students (raw)'!$C$2:$C$824<>"")*(('Picked Students (raw)'!$C$2:$C$824-$E50)<450)),SUMPRODUCT(('Picked Students (raw)'!$B$2:$B$824=$C50)*('Picked Students (raw)'!$D$2:$D$824=$D50)*('Picked Students (raw)'!$C$2:$C$824<>"")*(('Picked Students (raw)'!$C$2:$C$824-$E50)<450)))))) | AL50: =IF($A50="","",IF(AK50="-","-",IF($G50=0,0,AK50/$G50))) | AM50: =IF($A50="","",IF($E50="","",IF(TODAY()<$E50+480,"-",IF($D50="",SUMPRODUCT(('Picked Students (raw)'!$B$2:$B$824=$C50)*('Picked Students (raw)'!$C$2:$C$824<>"")*(('Picked Students (raw)'!$C$2:$C$824-$E50)<480)),SUMPRODUCT(('Picked Students (raw)'!$B$2:$B$824=$C50)*('Picked Students (raw)'!$D$2:$D$824=$D50)*('Picked Students (raw)'!$C$2:$C$824<>"")*(('Picked Students (raw)'!$C$2:$C$824-$E50)<480)))))) | AN50: =IF($A50="","",IF(AM50="-","-",IF($G50=0,0,AM50/$G50))) | AO50: =IF($A50="","",IF($E50="","",IF(TODAY()<$E50+510,"-",IF($D50="",SUMPRODUCT(('Picked Students (raw)'!$B$2:$B$824=$C50)*('Picked Students (raw)'!$C$2:$C$824<>"")*(('Picked Students (raw)'!$C$2:$C$824-$E50)<510)),SUMPRODUCT(('Picked Students (raw)'!$B$2:$B$824=$C50)*('Picked Students (raw)'!$D$2:$D$824=$D50)*('Picked Students (raw)'!$C$2:$C$824<>"")*(('Picked Students (raw)'!$C$2:$C$824-$E50)<510)))))) | AP50: =IF($A50="","",IF(AO50="-","-",IF($G50=0,0,AO50/$G50))) | AQ50: =IF($A50="","",IF($E50="","",IF(TODAY()<$E50+540,"-",IF($D50="",SUMPRODUCT(('Picked Students (raw)'!$B$2:$B$824=$C50)*('Picked Students (raw)'!$C$2:$C$824<>"")*(('Picked Students (raw)'!$C$2:$C$824-$E50)<540)),SUMPRODUCT(('Picked Students (raw)'!$B$2:$B$824=$C50)*('Picked Students (raw)'!$D$2:$D$824=$D50)*('Picked Students (raw)'!$C$2:$C$824<>"")*(('Picked Students (raw)'!$C$2:$C$824-$E50)<540)))))) | AR50: =IF($A50="","",IF(AQ50="-","-",IF($G50=0,0,AQ50/$G50))) | AS50: =IF($A50="","",IF(AQ50="-","-",$H50-AQ50))
B51: =IF($A51="","",IFERROR(IF(INDEX('Batch Enrollment (Metabase)'!$C$2:$C$47,MATCH($A51,'Batch Enrollment (Metabase)'!$A$2:$A$47,0))="GEM","A",IF(INDEX('Batch Enrollment (Metabase)'!$C$2:$C$47,MATCH($A51,'Batch Enrollment (Metabase)'!$A$2:$A$47,0))="Non-GEM","B","")),"")) | C51: =IF($A51="","",IFERROR(INDEX('Batch Enrollment (Metabase)'!$B$2:$B$47,MATCH($A51,'Batch Enrollment (Metabase)'!$A$2:$A$47,0)),"")) | D51: =IF($A51="","",IFERROR(INDEX('Batch Enrollment (Metabase)'!$C$2:$C$47,MATCH($A51,'Batch Enrollment (Metabase)'!$A$2:$A$47,0)),"")) | E51: =IF($A51="","",IFERROR(INDEX('Batch Enrollment (Metabase)'!$D$2:$D$47,MATCH($A51,'Batch Enrollment (Metabase)'!$A$2:$A$47,0)),"")) | F51: =IF($A51="","",IFERROR(INDEX('Batch Enrollment (Metabase)'!$E$2:$E$47,MATCH($A51,'Batch Enrollment (Metabase)'!$A$2:$A$47,0)),"")) | G51: =IF($A51="","",IFERROR(INDEX('Batch Enrollment (Metabase)'!$F$2:$F$47,MATCH($A51,'Batch Enrollment (Metabase)'!$A$2:$A$47,0)),"")) | H51: =IF($A51="","",IF($D51="",COUNTIF('Picked Students (raw)'!$B$2:$B$824,$C51),COUNTIFS('Picked Students (raw)'!$B$2:$B$824,$C51,'Picked Students (raw)'!$D$2:$D$824,$D51))) | I51: =IF($A51="","",IF($E51="","",IF(TODAY()<$E51+30,"-",IF($D51="",SUMPRODUCT(('Picked Students (raw)'!$B$2:$B$824=$C51)*('Picked Students (raw)'!$C$2:$C$824<>"")*(('Picked Students (raw)'!$C$2:$C$824-$E51)<30)),SUMPRODUCT(('Picked Students (raw)'!$B$2:$B$824=$C51)*('Picked Students (raw)'!$D$2:$D$824=$D51)*('Picked Students (raw)'!$C$2:$C$824<>"")*(('Picked Students (raw)'!$C$2:$C$824-$E51)<30)))))) | J51: =IF($A51="","",IF(I51="-","-",IF($G51=0,0,I51/$G51))) | K51: =IF($A51="","",IF($E51="","",IF(TODAY()<$E51+60,"-",IF($D51="",SUMPRODUCT(('Picked Students (raw)'!$B$2:$B$824=$C51)*('Picked Students (raw)'!$C$2:$C$824<>"")*(('Picked Students (raw)'!$C$2:$C$824-$E51)<60)),SUMPRODUCT(('Picked Students (raw)'!$B$2:$B$824=$C51)*('Picked Students (raw)'!$D$2:$D$824=$D51)*('Picked Students (raw)'!$C$2:$C$824<>"")*(('Picked Students (raw)'!$C$2:$C$824-$E51)<60)))))) | L51: =IF($A51="","",IF(K51="-","-",IF($G51=0,0,K51/$G51))) | M51: =IF($A51="","",IF($E51="","",IF(TODAY()<$E51+90,"-",IF($D51="",SUMPRODUCT(('Picked Students (raw)'!$B$2:$B$824=$C51)*('Picked Students (raw)'!$C$2:$C$824<>"")*(('Picked Students (raw)'!$C$2:$C$824-$E51)<90)),SUMPRODUCT(('Picked Students (raw)'!$B$2:$B$824=$C51)*('Picked Students (raw)'!$D$2:$D$824=$D51)*('Picked Students (raw)'!$C$2:$C$824<>"")*(('Picked Students (raw)'!$C$2:$C$824-$E51)<90)))))) | N51: =IF($A51="","",IF(M51="-","-",IF($G51=0,0,M51/$G51))) | O51: =IF($A51="","",IF($E51="","",IF(TODAY()<$E51+120,"-",IF($D51="",SUMPRODUCT(('Picked Students (raw)'!$B$2:$B$824=$C51)*('Picked Students (raw)'!$C$2:$C$824<>"")*(('Picked Students (raw)'!$C$2:$C$824-$E51)<120)),SUMPRODUCT(('Picked Students (raw)'!$B$2:$B$824=$C51)*('Picked Students (raw)'!$D$2:$D$824=$D51)*('Picked Students (raw)'!$C$2:$C$824<>"")*(('Picked Students (raw)'!$C$2:$C$824-$E51)<120)))))) | P51: =IF($A51="","",IF(O51="-","-",IF($G51=0,0,O51/$G51))) | Q51: =IF($A51="","",IF($E51="","",IF(TODAY()<$E51+150,"-",IF($D51="",SUMPRODUCT(('Picked Students (raw)'!$B$2:$B$824=$C51)*('Picked Students (raw)'!$C$2:$C$824<>"")*(('Picked Students (raw)'!$C$2:$C$824-$E51)<150)),SUMPRODUCT(('Picked Students (raw)'!$B$2:$B$824=$C51)*('Picked Students (raw)'!$D$2:$D$824=$D51)*('Picked Students (raw)'!$C$2:$C$824<>"")*(('Picked Students (raw)'!$C$2:$C$824-$E51)<150)))))) | R51: =IF($A51="","",IF(Q51="-","-",IF($G51=0,0,Q51/$G51))) | S51: =IF($A51="","",IF($E51="","",IF(TODAY()<$E51+180,"-",IF($D51="",SUMPRODUCT(('Picked Students (raw)'!$B$2:$B$824=$C51)*('Picked Students (raw)'!$C$2:$C$824<>"")*(('Picked Students (raw)'!$C$2:$C$824-$E51)<180)),SUMPRODUCT(('Picked Students (raw)'!$B$2:$B$824=$C51)*('Picked Students (raw)'!$D$2:$D$824=$D51)*('Picked Students (raw)'!$C$2:$C$824<>"")*(('Picked Students (raw)'!$C$2:$C$824-$E51)<180)))))) | T51: =IF($A51="","",IF(S51="-","-",IF($G51=0,0,S51/$G51))) | U51: =IF($A51="","",IF($E51="","",IF(TODAY()<$E51+210,"-",IF($D51="",SUMPRODUCT(('Picked Students (raw)'!$B$2:$B$824=$C51)*('Picked Students (raw)'!$C$2:$C$824<>"")*(('Picked Students (raw)'!$C$2:$C$824-$E51)<210)),SUMPRODUCT(('Picked Students (raw)'!$B$2:$B$824=$C51)*('Picked Students (raw)'!$D$2:$D$824=$D51)*('Picked Students (raw)'!$C$2:$C$824<>"")*(('Picked Students (raw)'!$C$2:$C$824-$E51)<210)))))) | V51: =IF($A51="","",IF(U51="-","-",IF($G51=0,0,U51/$G51))) | W51: =IF($A51="","",IF($E51="","",IF(TODAY()<$E51+240,"-",IF($D51="",SUMPRODUCT(('Picked Students (raw)'!$B$2:$B$824=$C51)*('Picked Students (raw)'!$C$2:$C$824<>"")*(('Picked Students (raw)'!$C$2:$C$824-$E51)<240)),SUMPRODUCT(('Picked Students (raw)'!$B$2:$B$824=$C51)*('Picked Students (raw)'!$D$2:$D$824=$D51)*('Picked Students (raw)'!$C$2:$C$824<>"")*(('Picked Students (raw)'!$C$2:$C$824-$E51)<240)))))) | X51: =IF($A51="","",IF(W51="-","-",IF($G51=0,0,W51/$G51))) | Y51: =IF($A51="","",IF($E51="","",IF(TODAY()<$E51+270,"-",IF($D51="",SUMPRODUCT(('Picked Students (raw)'!$B$2:$B$824=$C51)*('Picked Students (raw)'!$C$2:$C$824<>"")*(('Picked Students (raw)'!$C$2:$C$824-$E51)<270)),SUMPRODUCT(('Picked Students (raw)'!$B$2:$B$824=$C51)*('Picked Students (raw)'!$D$2:$D$824=$D51)*('Picked Students (raw)'!$C$2:$C$824<>"")*(('Picked Students (raw)'!$C$2:$C$824-$E51)<270)))))) | Z51: =IF($A51="","",IF(Y51="-","-",IF($G51=0,0,Y51/$G51))) | AA51: =IF($A51="","",IF($E51="","",IF(TODAY()<$E51+300,"-",IF($D51="",SUMPRODUCT(('Picked Students (raw)'!$B$2:$B$824=$C51)*('Picked Students (raw)'!$C$2:$C$824<>"")*(('Picked Students (raw)'!$C$2:$C$824-$E51)<300)),SUMPRODUCT(('Picked Students (raw)'!$B$2:$B$824=$C51)*('Picked Students (raw)'!$D$2:$D$824=$D51)*('Picked Students (raw)'!$C$2:$C$824<>"")*(('Picked Students (raw)'!$C$2:$C$824-$E51)<300)))))) | AB51: =IF($A51="","",IF(AA51="-","-",IF($G51=0,0,AA51/$G51))) | AC51: =IF($A51="","",IF($E51="","",IF(TODAY()<$E51+330,"-",IF($D51="",SUMPRODUCT(('Picked Students (raw)'!$B$2:$B$824=$C51)*('Picked Students (raw)'!$C$2:$C$824<>"")*(('Picked Students (raw)'!$C$2:$C$824-$E51)<330)),SUMPRODUCT(('Picked Students (raw)'!$B$2:$B$824=$C51)*('Picked Students (raw)'!$D$2:$D$824=$D51)*('Picked Students (raw)'!$C$2:$C$824<>"")*(('Picked Students (raw)'!$C$2:$C$824-$E51)<330)))))) | AD51: =IF($A51="","",IF(AC51="-","-",IF($G51=0,0,AC51/$G51))) | AE51: =IF($A51="","",IF($E51="","",IF(TODAY()<$E51+360,"-",IF($D51="",SUMPRODUCT(('Picked Students (raw)'!$B$2:$B$824=$C51)*('Picked Students (raw)'!$C$2:$C$824<>"")*(('Picked Students (raw)'!$C$2:$C$824-$E51)<360)),SUMPRODUCT(('Picked Students (raw)'!$B$2:$B$824=$C51)*('Picked Students (raw)'!$D$2:$D$824=$D51)*('Picked Students (raw)'!$C$2:$C$824<>"")*(('Picked Students (raw)'!$C$2:$C$824-$E51)<360)))))) | AF51: =IF($A51="","",IF(AE51="-","-",IF($G51=0,0,AE51/$G51))) | AG51: =IF($A51="","",IF($E51="","",IF(TODAY()<$E51+390,"-",IF($D51="",SUMPRODUCT(('Picked Students (raw)'!$B$2:$B$824=$C51)*('Picked Students (raw)'!$C$2:$C$824<>"")*(('Picked Students (raw)'!$C$2:$C$824-$E51)<390)),SUMPRODUCT(('Picked Students (raw)'!$B$2:$B$824=$C51)*('Picked Students (raw)'!$D$2:$D$824=$D51)*('Picked Students (raw)'!$C$2:$C$824<>"")*(('Picked Students (raw)'!$C$2:$C$824-$E51)<390)))))) | AH51: =IF($A51="","",IF(AG51="-","-",IF($G51=0,0,AG51/$G51))) | AI51: =IF($A51="","",IF($E51="","",IF(TODAY()<$E51+420,"-",IF($D51="",SUMPRODUCT(('Picked Students (raw)'!$B$2:$B$824=$C51)*('Picked Students (raw)'!$C$2:$C$824<>"")*(('Picked Students (raw)'!$C$2:$C$824-$E51)<420)),SUMPRODUCT(('Picked Students (raw)'!$B$2:$B$824=$C51)*('Picked Students (raw)'!$D$2:$D$824=$D51)*('Picked Students (raw)'!$C$2:$C$824<>"")*(('Picked Students (raw)'!$C$2:$C$824-$E51)<420)))))) | AJ51: =IF($A51="","",IF(AI51="-","-",IF($G51=0,0,AI51/$G51))) | AK51: =IF($A51="","",IF($E51="","",IF(TODAY()<$E51+450,"-",IF($D51="",SUMPRODUCT(('Picked Students (raw)'!$B$2:$B$824=$C51)*('Picked Students (raw)'!$C$2:$C$824<>"")*(('Picked Students (raw)'!$C$2:$C$824-$E51)<450)),SUMPRODUCT(('Picked Students (raw)'!$B$2:$B$824=$C51)*('Picked Students (raw)'!$D$2:$D$824=$D51)*('Picked Students (raw)'!$C$2:$C$824<>"")*(('Picked Students (raw)'!$C$2:$C$824-$E51)<450)))))) | AL51: =IF($A51="","",IF(AK51="-","-",IF($G51=0,0,AK51/$G51))) | AM51: =IF($A51="","",IF($E51="","",IF(TODAY()<$E51+480,"-",IF($D51="",SUMPRODUCT(('Picked Students (raw)'!$B$2:$B$824=$C51)*('Picked Students (raw)'!$C$2:$C$824<>"")*(('Picked Students (raw)'!$C$2:$C$824-$E51)<480)),SUMPRODUCT(('Picked Students (raw)'!$B$2:$B$824=$C51)*('Picked Students (raw)'!$D$2:$D$824=$D51)*('Picked Students (raw)'!$C$2:$C$824<>"")*(('Picked Students (raw)'!$C$2:$C$824-$E51)<480)))))) | AN51: =IF($A51="","",IF(AM51="-","-",IF($G51=0,0,AM51/$G51))) | AO51: =IF($A51="","",IF($E51="","",IF(TODAY()<$E51+510,"-",IF($D51="",SUMPRODUCT(('Picked Students (raw)'!$B$2:$B$824=$C51)*('Picked Students (raw)'!$C$2:$C$824<>"")*(('Picked Students (raw)'!$C$2:$C$824-$E51)<510)),SUMPRODUCT(('Picked Students (raw)'!$B$2:$B$824=$C51)*('Picked Students (raw)'!$D$2:$D$824=$D51)*('Picked Students (raw)'!$C$2:$C$824<>"")*(('Picked Students (raw)'!$C$2:$C$824-$E51)<510)))))) | AP51: =IF($A51="","",IF(AO51="-","-",IF($G51=0,0,AO51/$G51))) | AQ51: =IF($A51="","",IF($E51="","",IF(TODAY()<$E51+540,"-",IF($D51="",SUMPRODUCT(('Picked Students (raw)'!$B$2:$B$824=$C51)*('Picked Students (raw)'!$C$2:$C$824<>"")*(('Picked Students (raw)'!$C$2:$C$824-$E51)<540)),SUMPRODUCT(('Picked Students (raw)'!$B$2:$B$824=$C51)*('Picked Students (raw)'!$D$2:$D$824=$D51)*('Picked Students (raw)'!$C$2:$C$824<>"")*(('Picked Students (raw)'!$C$2:$C$824-$E51)<540)))))) | AR51: =IF($A51="","",IF(AQ51="-","-",IF($G51=0,0,AQ51/$G51))) | AS51: =IF($A51="","",IF(AQ51="-","-",$H51-AQ51))
B52: =IF($A52="","",IFERROR(IF(INDEX('Batch Enrollment (Metabase)'!$C$2:$C$47,MATCH($A52,'Batch Enrollment (Metabase)'!$A$2:$A$47,0))="GEM","A",IF(INDEX('Batch Enrollment (Metabase)'!$C$2:$C$47,MATCH($A52,'Batch Enrollment (Metabase)'!$A$2:$A$47,0))="Non-GEM","B","")),"")) | C52: =IF($A52="","",IFERROR(INDEX('Batch Enrollment (Metabase)'!$B$2:$B$47,MATCH($A52,'Batch Enrollment (Metabase)'!$A$2:$A$47,0)),"")) | D52: =IF($A52="","",IFERROR(INDEX('Batch Enrollment (Metabase)'!$C$2:$C$47,MATCH($A52,'Batch Enrollment (Metabase)'!$A$2:$A$47,0)),"")) | E52: =IF($A52="","",IFERROR(INDEX('Batch Enrollment (Metabase)'!$D$2:$D$47,MATCH($A52,'Batch Enrollment (Metabase)'!$A$2:$A$47,0)),"")) | F52: =IF($A52="","",IFERROR(INDEX('Batch Enrollment (Metabase)'!$E$2:$E$47,MATCH($A52,'Batch Enrollment (Metabase)'!$A$2:$A$47,0)),"")) | G52: =IF($A52="","",IFERROR(INDEX('Batch Enrollment (Metabase)'!$F$2:$F$47,MATCH($A52,'Batch Enrollment (Metabase)'!$A$2:$A$47,0)),"")) | H52: =IF($A52="","",IF($D52="",COUNTIF('Picked Students (raw)'!$B$2:$B$824,$C52),COUNTIFS('Picked Students (raw)'!$B$2:$B$824,$C52,'Picked Students (raw)'!$D$2:$D$824,$D52))) | I52: =IF($A52="","",IF($E52="","",IF(TODAY()<$E52+30,"-",IF($D52="",SUMPRODUCT(('Picked Students (raw)'!$B$2:$B$824=$C52)*('Picked Students (raw)'!$C$2:$C$824<>"")*(('Picked Students (raw)'!$C$2:$C$824-$E52)<30)),SUMPRODUCT(('Picked Students (raw)'!$B$2:$B$824=$C52)*('Picked Students (raw)'!$D$2:$D$824=$D52)*('Picked Students (raw)'!$C$2:$C$824<>"")*(('Picked Students (raw)'!$C$2:$C$824-$E52)<30)))))) | J52: =IF($A52="","",IF(I52="-","-",IF($G52=0,0,I52/$G52))) | K52: =IF($A52="","",IF($E52="","",IF(TODAY()<$E52+60,"-",IF($D52="",SUMPRODUCT(('Picked Students (raw)'!$B$2:$B$824=$C52)*('Picked Students (raw)'!$C$2:$C$824<>"")*(('Picked Students (raw)'!$C$2:$C$824-$E52)<60)),SUMPRODUCT(('Picked Students (raw)'!$B$2:$B$824=$C52)*('Picked Students (raw)'!$D$2:$D$824=$D52)*('Picked Students (raw)'!$C$2:$C$824<>"")*(('Picked Students (raw)'!$C$2:$C$824-$E52)<60)))))) | L52: =IF($A52="","",IF(K52="-","-",IF($G52=0,0,K52/$G52))) | M52: =IF($A52="","",IF($E52="","",IF(TODAY()<$E52+90,"-",IF($D52="",SUMPRODUCT(('Picked Students (raw)'!$B$2:$B$824=$C52)*('Picked Students (raw)'!$C$2:$C$824<>"")*(('Picked Students (raw)'!$C$2:$C$824-$E52)<90)),SUMPRODUCT(('Picked Students (raw)'!$B$2:$B$824=$C52)*('Picked Students (raw)'!$D$2:$D$824=$D52)*('Picked Students (raw)'!$C$2:$C$824<>"")*(('Picked Students (raw)'!$C$2:$C$824-$E52)<90)))))) | N52: =IF($A52="","",IF(M52="-","-",IF($G52=0,0,M52/$G52))) | O52: =IF($A52="","",IF($E52="","",IF(TODAY()<$E52+120,"-",IF($D52="",SUMPRODUCT(('Picked Students (raw)'!$B$2:$B$824=$C52)*('Picked Students (raw)'!$C$2:$C$824<>"")*(('Picked Students (raw)'!$C$2:$C$824-$E52)<120)),SUMPRODUCT(('Picked Students (raw)'!$B$2:$B$824=$C52)*('Picked Students (raw)'!$D$2:$D$824=$D52)*('Picked Students (raw)'!$C$2:$C$824<>"")*(('Picked Students (raw)'!$C$2:$C$824-$E52)<120)))))) | P52: =IF($A52="","",IF(O52="-","-",IF($G52=0,0,O52/$G52))) | Q52: =IF($A52="","",IF($E52="","",IF(TODAY()<$E52+150,"-",IF($D52="",SUMPRODUCT(('Picked Students (raw)'!$B$2:$B$824=$C52)*('Picked Students (raw)'!$C$2:$C$824<>"")*(('Picked Students (raw)'!$C$2:$C$824-$E52)<150)),SUMPRODUCT(('Picked Students (raw)'!$B$2:$B$824=$C52)*('Picked Students (raw)'!$D$2:$D$824=$D52)*('Picked Students (raw)'!$C$2:$C$824<>"")*(('Picked Students (raw)'!$C$2:$C$824-$E52)<150)))))) | R52: =IF($A52="","",IF(Q52="-","-",IF($G52=0,0,Q52/$G52))) | S52: =IF($A52="","",IF($E52="","",IF(TODAY()<$E52+180,"-",IF($D52="",SUMPRODUCT(('Picked Students (raw)'!$B$2:$B$824=$C52)*('Picked Students (raw)'!$C$2:$C$824<>"")*(('Picked Students (raw)'!$C$2:$C$824-$E52)<180)),SUMPRODUCT(('Picked Students (raw)'!$B$2:$B$824=$C52)*('Picked Students (raw)'!$D$2:$D$824=$D52)*('Picked Students (raw)'!$C$2:$C$824<>"")*(('Picked Students (raw)'!$C$2:$C$824-$E52)<180)))))) | T52: =IF($A52="","",IF(S52="-","-",IF($G52=0,0,S52/$G52))) | U52: =IF($A52="","",IF($E52="","",IF(TODAY()<$E52+210,"-",IF($D52="",SUMPRODUCT(('Picked Students (raw)'!$B$2:$B$824=$C52)*('Picked Students (raw)'!$C$2:$C$824<>"")*(('Picked Students (raw)'!$C$2:$C$824-$E52)<210)),SUMPRODUCT(('Picked Students (raw)'!$B$2:$B$824=$C52)*('Picked Students (raw)'!$D$2:$D$824=$D52)*('Picked Students (raw)'!$C$2:$C$824<>"")*(('Picked Students (raw)'!$C$2:$C$824-$E52)<210)))))) | V52: =IF($A52="","",IF(U52="-","-",IF($G52=0,0,U52/$G52))) | W52: =IF($A52="","",IF($E52="","",IF(TODAY()<$E52+240,"-",IF($D52="",SUMPRODUCT(('Picked Students (raw)'!$B$2:$B$824=$C52)*('Picked Students (raw)'!$C$2:$C$824<>"")*(('Picked Students (raw)'!$C$2:$C$824-$E52)<240)),SUMPRODUCT(('Picked Students (raw)'!$B$2:$B$824=$C52)*('Picked Students (raw)'!$D$2:$D$824=$D52)*('Picked Students (raw)'!$C$2:$C$824<>"")*(('Picked Students (raw)'!$C$2:$C$824-$E52)<240)))))) | X52: =IF($A52="","",IF(W52="-","-",IF($G52=0,0,W52/$G52))) | Y52: =IF($A52="","",IF($E52="","",IF(TODAY()<$E52+270,"-",IF($D52="",SUMPRODUCT(('Picked Students (raw)'!$B$2:$B$824=$C52)*('Picked Students (raw)'!$C$2:$C$824<>"")*(('Picked Students (raw)'!$C$2:$C$824-$E52)<270)),SUMPRODUCT(('Picked Students (raw)'!$B$2:$B$824=$C52)*('Picked Students (raw)'!$D$2:$D$824=$D52)*('Picked Students (raw)'!$C$2:$C$824<>"")*(('Picked Students (raw)'!$C$2:$C$824-$E52)<270)))))) | Z52: =IF($A52="","",IF(Y52="-","-",IF($G52=0,0,Y52/$G52))) | AA52: =IF($A52="","",IF($E52="","",IF(TODAY()<$E52+300,"-",IF($D52="",SUMPRODUCT(('Picked Students (raw)'!$B$2:$B$824=$C52)*('Picked Students (raw)'!$C$2:$C$824<>"")*(('Picked Students (raw)'!$C$2:$C$824-$E52)<300)),SUMPRODUCT(('Picked Students (raw)'!$B$2:$B$824=$C52)*('Picked Students (raw)'!$D$2:$D$824=$D52)*('Picked Students (raw)'!$C$2:$C$824<>"")*(('Picked Students (raw)'!$C$2:$C$824-$E52)<300)))))) | AB52: =IF($A52="","",IF(AA52="-","-",IF($G52=0,0,AA52/$G52))) | AC52: =IF($A52="","",IF($E52="","",IF(TODAY()<$E52+330,"-",IF($D52="",SUMPRODUCT(('Picked Students (raw)'!$B$2:$B$824=$C52)*('Picked Students (raw)'!$C$2:$C$824<>"")*(('Picked Students (raw)'!$C$2:$C$824-$E52)<330)),SUMPRODUCT(('Picked Students (raw)'!$B$2:$B$824=$C52)*('Picked Students (raw)'!$D$2:$D$824=$D52)*('Picked Students (raw)'!$C$2:$C$824<>"")*(('Picked Students (raw)'!$C$2:$C$824-$E52)<330)))))) | AD52: =IF($A52="","",IF(AC52="-","-",IF($G52=0,0,AC52/$G52))) | AE52: =IF($A52="","",IF($E52="","",IF(TODAY()<$E52+360,"-",IF($D52="",SUMPRODUCT(('Picked Students (raw)'!$B$2:$B$824=$C52)*('Picked Students (raw)'!$C$2:$C$824<>"")*(('Picked Students (raw)'!$C$2:$C$824-$E52)<360)),SUMPRODUCT(('Picked Students (raw)'!$B$2:$B$824=$C52)*('Picked Students (raw)'!$D$2:$D$824=$D52)*('Picked Students (raw)'!$C$2:$C$824<>"")*(('Picked Students (raw)'!$C$2:$C$824-$E52)<360)))))) | AF52: =IF($A52="","",IF(AE52="-","-",IF($G52=0,0,AE52/$G52))) | AG52: =IF($A52="","",IF($E52="","",IF(TODAY()<$E52+390,"-",IF($D52="",SUMPRODUCT(('Picked Students (raw)'!$B$2:$B$824=$C52)*('Picked Students (raw)'!$C$2:$C$824<>"")*(('Picked Students (raw)'!$C$2:$C$824-$E52)<390)),SUMPRODUCT(('Picked Students (raw)'!$B$2:$B$824=$C52)*('Picked Students (raw)'!$D$2:$D$824=$D52)*('Picked Students (raw)'!$C$2:$C$824<>"")*(('Picked Students (raw)'!$C$2:$C$824-$E52)<390)))))) | AH52: =IF($A52="","",IF(AG52="-","-",IF($G52=0,0,AG52/$G52))) | AI52: =IF($A52="","",IF($E52="","",IF(TODAY()<$E52+420,"-",IF($D52="",SUMPRODUCT(('Picked Students (raw)'!$B$2:$B$824=$C52)*('Picked Students (raw)'!$C$2:$C$824<>"")*(('Picked Students (raw)'!$C$2:$C$824-$E52)<420)),SUMPRODUCT(('Picked Students (raw)'!$B$2:$B$824=$C52)*('Picked Students (raw)'!$D$2:$D$824=$D52)*('Picked Students (raw)'!$C$2:$C$824<>"")*(('Picked Students (raw)'!$C$2:$C$824-$E52)<420)))))) | AJ52: =IF($A52="","",IF(AI52="-","-",IF($G52=0,0,AI52/$G52))) | AK52: =IF($A52="","",IF($E52="","",IF(TODAY()<$E52+450,"-",IF($D52="",SUMPRODUCT(('Picked Students (raw)'!$B$2:$B$824=$C52)*('Picked Students (raw)'!$C$2:$C$824<>"")*(('Picked Students (raw)'!$C$2:$C$824-$E52)<450)),SUMPRODUCT(('Picked Students (raw)'!$B$2:$B$824=$C52)*('Picked Students (raw)'!$D$2:$D$824=$D52)*('Picked Students (raw)'!$C$2:$C$824<>"")*(('Picked Students (raw)'!$C$2:$C$824-$E52)<450)))))) | AL52: =IF($A52="","",IF(AK52="-","-",IF($G52=0,0,AK52/$G52))) | AM52: =IF($A52="","",IF($E52="","",IF(TODAY()<$E52+480,"-",IF($D52="",SUMPRODUCT(('Picked Students (raw)'!$B$2:$B$824=$C52)*('Picked Students (raw)'!$C$2:$C$824<>"")*(('Picked Students (raw)'!$C$2:$C$824-$E52)<480)),SUMPRODUCT(('Picked Students (raw)'!$B$2:$B$824=$C52)*('Picked Students (raw)'!$D$2:$D$824=$D52)*('Picked Students (raw)'!$C$2:$C$824<>"")*(('Picked Students (raw)'!$C$2:$C$824-$E52)<480)))))) | AN52: =IF($A52="","",IF(AM52="-","-",IF($G52=0,0,AM52/$G52))) | AO52: =IF($A52="","",IF($E52="","",IF(TODAY()<$E52+510,"-",IF($D52="",SUMPRODUCT(('Picked Students (raw)'!$B$2:$B$824=$C52)*('Picked Students (raw)'!$C$2:$C$824<>"")*(('Picked Students (raw)'!$C$2:$C$824-$E52)<510)),SUMPRODUCT(('Picked Students (raw)'!$B$2:$B$824=$C52)*('Picked Students (raw)'!$D$2:$D$824=$D52)*('Picked Students (raw)'!$C$2:$C$824<>"")*(('Picked Students (raw)'!$C$2:$C$824-$E52)<510)))))) | AP52: =IF($A52="","",IF(AO52="-","-",IF($G52=0,0,AO52/$G52))) | AQ52: =IF($A52="","",IF($E52="","",IF(TODAY()<$E52+540,"-",IF($D52="",SUMPRODUCT(('Picked Students (raw)'!$B$2:$B$824=$C52)*('Picked Students (raw)'!$C$2:$C$824<>"")*(('Picked Students (raw)'!$C$2:$C$824-$E52)<540)),SUMPRODUCT(('Picked Students (raw)'!$B$2:$B$824=$C52)*('Picked Students (raw)'!$D$2:$D$824=$D52)*('Picked Students (raw)'!$C$2:$C$824<>"")*(('Picked Students (raw)'!$C$2:$C$824-$E52)<540)))))) | AR52: =IF($A52="","",IF(AQ52="-","-",IF($G52=0,0,AQ52/$G52))) | AS52: =IF($A52="","",IF(AQ52="-","-",$H52-AQ52))
B53: =IF($A53="","",IFERROR(IF(INDEX('Batch Enrollment (Metabase)'!$C$2:$C$47,MATCH($A53,'Batch Enrollment (Metabase)'!$A$2:$A$47,0))="GEM","A",IF(INDEX('Batch Enrollment (Metabase)'!$C$2:$C$47,MATCH($A53,'Batch Enrollment (Metabase)'!$A$2:$A$47,0))="Non-GEM","B","")),"")) | C53: =IF($A53="","",IFERROR(INDEX('Batch Enrollment (Metabase)'!$B$2:$B$47,MATCH($A53,'Batch Enrollment (Metabase)'!$A$2:$A$47,0)),"")) | D53: =IF($A53="","",IFERROR(INDEX('Batch Enrollment (Metabase)'!$C$2:$C$47,MATCH($A53,'Batch Enrollment (Metabase)'!$A$2:$A$47,0)),"")) | E53: =IF($A53="","",IFERROR(INDEX('Batch Enrollment (Metabase)'!$D$2:$D$47,MATCH($A53,'Batch Enrollment (Metabase)'!$A$2:$A$47,0)),"")) | F53: =IF($A53="","",IFERROR(INDEX('Batch Enrollment (Metabase)'!$E$2:$E$47,MATCH($A53,'Batch Enrollment (Metabase)'!$A$2:$A$47,0)),"")) | G53: =IF($A53="","",IFERROR(INDEX('Batch Enrollment (Metabase)'!$F$2:$F$47,MATCH($A53,'Batch Enrollment (Metabase)'!$A$2:$A$47,0)),"")) | H53: =IF($A53="","",IF($D53="",COUNTIF('Picked Students (raw)'!$B$2:$B$824,$C53),COUNTIFS('Picked Students (raw)'!$B$2:$B$824,$C53,'Picked Students (raw)'!$D$2:$D$824,$D53))) | I53: =IF($A53="","",IF($E53="","",IF(TODAY()<$E53+30,"-",IF($D53="",SUMPRODUCT(('Picked Students (raw)'!$B$2:$B$824=$C53)*('Picked Students (raw)'!$C$2:$C$824<>"")*(('Picked Students (raw)'!$C$2:$C$824-$E53)<30)),SUMPRODUCT(('Picked Students (raw)'!$B$2:$B$824=$C53)*('Picked Students (raw)'!$D$2:$D$824=$D53)*('Picked Students (raw)'!$C$2:$C$824<>"")*(('Picked Students (raw)'!$C$2:$C$824-$E53)<30)))))) | J53: =IF($A53="","",IF(I53="-","-",IF($G53=0,0,I53/$G53))) | K53: =IF($A53="","",IF($E53="","",IF(TODAY()<$E53+60,"-",IF($D53="",SUMPRODUCT(('Picked Students (raw)'!$B$2:$B$824=$C53)*('Picked Students (raw)'!$C$2:$C$824<>"")*(('Picked Students (raw)'!$C$2:$C$824-$E53)<60)),SUMPRODUCT(('Picked Students (raw)'!$B$2:$B$824=$C53)*('Picked Students (raw)'!$D$2:$D$824=$D53)*('Picked Students (raw)'!$C$2:$C$824<>"")*(('Picked Students (raw)'!$C$2:$C$824-$E53)<60)))))) | L53: =IF($A53="","",IF(K53="-","-",IF($G53=0,0,K53/$G53))) | M53: =IF($A53="","",IF($E53="","",IF(TODAY()<$E53+90,"-",IF($D53="",SUMPRODUCT(('Picked Students (raw)'!$B$2:$B$824=$C53)*('Picked Students (raw)'!$C$2:$C$824<>"")*(('Picked Students (raw)'!$C$2:$C$824-$E53)<90)),SUMPRODUCT(('Picked Students (raw)'!$B$2:$B$824=$C53)*('Picked Students (raw)'!$D$2:$D$824=$D53)*('Picked Students (raw)'!$C$2:$C$824<>"")*(('Picked Students (raw)'!$C$2:$C$824-$E53)<90)))))) | N53: =IF($A53="","",IF(M53="-","-",IF($G53=0,0,M53/$G53))) | O53: =IF($A53="","",IF($E53="","",IF(TODAY()<$E53+120,"-",IF($D53="",SUMPRODUCT(('Picked Students (raw)'!$B$2:$B$824=$C53)*('Picked Students (raw)'!$C$2:$C$824<>"")*(('Picked Students (raw)'!$C$2:$C$824-$E53)<120)),SUMPRODUCT(('Picked Students (raw)'!$B$2:$B$824=$C53)*('Picked Students (raw)'!$D$2:$D$824=$D53)*('Picked Students (raw)'!$C$2:$C$824<>"")*(('Picked Students (raw)'!$C$2:$C$824-$E53)<120)))))) | P53: =IF($A53="","",IF(O53="-","-",IF($G53=0,0,O53/$G53))) | Q53: =IF($A53="","",IF($E53="","",IF(TODAY()<$E53+150,"-",IF($D53="",SUMPRODUCT(('Picked Students (raw)'!$B$2:$B$824=$C53)*('Picked Students (raw)'!$C$2:$C$824<>"")*(('Picked Students (raw)'!$C$2:$C$824-$E53)<150)),SUMPRODUCT(('Picked Students (raw)'!$B$2:$B$824=$C53)*('Picked Students (raw)'!$D$2:$D$824=$D53)*('Picked Students (raw)'!$C$2:$C$824<>"")*(('Picked Students (raw)'!$C$2:$C$824-$E53)<150)))))) | R53: =IF($A53="","",IF(Q53="-","-",IF($G53=0,0,Q53/$G53))) | S53: =IF($A53="","",IF($E53="","",IF(TODAY()<$E53+180,"-",IF($D53="",SUMPRODUCT(('Picked Students (raw)'!$B$2:$B$824=$C53)*('Picked Students (raw)'!$C$2:$C$824<>"")*(('Picked Students (raw)'!$C$2:$C$824-$E53)<180)),SUMPRODUCT(('Picked Students (raw)'!$B$2:$B$824=$C53)*('Picked Students (raw)'!$D$2:$D$824=$D53)*('Picked Students (raw)'!$C$2:$C$824<>"")*(('Picked Students (raw)'!$C$2:$C$824-$E53)<180)))))) | T53: =IF($A53="","",IF(S53="-","-",IF($G53=0,0,S53/$G53))) | U53: =IF($A53="","",IF($E53="","",IF(TODAY()<$E53+210,"-",IF($D53="",SUMPRODUCT(('Picked Students (raw)'!$B$2:$B$824=$C53)*('Picked Students (raw)'!$C$2:$C$824<>"")*(('Picked Students (raw)'!$C$2:$C$824-$E53)<210)),SUMPRODUCT(('Picked Students (raw)'!$B$2:$B$824=$C53)*('Picked Students (raw)'!$D$2:$D$824=$D53)*('Picked Students (raw)'!$C$2:$C$824<>"")*(('Picked Students (raw)'!$C$2:$C$824-$E53)<210)))))) | V53: =IF($A53="","",IF(U53="-","-",IF($G53=0,0,U53/$G53))) | W53: =IF($A53="","",IF($E53="","",IF(TODAY()<$E53+240,"-",IF($D53="",SUMPRODUCT(('Picked Students (raw)'!$B$2:$B$824=$C53)*('Picked Students (raw)'!$C$2:$C$824<>"")*(('Picked Students (raw)'!$C$2:$C$824-$E53)<240)),SUMPRODUCT(('Picked Students (raw)'!$B$2:$B$824=$C53)*('Picked Students (raw)'!$D$2:$D$824=$D53)*('Picked Students (raw)'!$C$2:$C$824<>"")*(('Picked Students (raw)'!$C$2:$C$824-$E53)<240)))))) | X53: =IF($A53="","",IF(W53="-","-",IF($G53=0,0,W53/$G53))) | Y53: =IF($A53="","",IF($E53="","",IF(TODAY()<$E53+270,"-",IF($D53="",SUMPRODUCT(('Picked Students (raw)'!$B$2:$B$824=$C53)*('Picked Students (raw)'!$C$2:$C$824<>"")*(('Picked Students (raw)'!$C$2:$C$824-$E53)<270)),SUMPRODUCT(('Picked Students (raw)'!$B$2:$B$824=$C53)*('Picked Students (raw)'!$D$2:$D$824=$D53)*('Picked Students (raw)'!$C$2:$C$824<>"")*(('Picked Students (raw)'!$C$2:$C$824-$E53)<270)))))) | Z53: =IF($A53="","",IF(Y53="-","-",IF($G53=0,0,Y53/$G53))) | AA53: =IF($A53="","",IF($E53="","",IF(TODAY()<$E53+300,"-",IF($D53="",SUMPRODUCT(('Picked Students (raw)'!$B$2:$B$824=$C53)*('Picked Students (raw)'!$C$2:$C$824<>"")*(('Picked Students (raw)'!$C$2:$C$824-$E53)<300)),SUMPRODUCT(('Picked Students (raw)'!$B$2:$B$824=$C53)*('Picked Students (raw)'!$D$2:$D$824=$D53)*('Picked Students (raw)'!$C$2:$C$824<>"")*(('Picked Students (raw)'!$C$2:$C$824-$E53)<300)))))) | AB53: =IF($A53="","",IF(AA53="-","-",IF($G53=0,0,AA53/$G53))) | AC53: =IF($A53="","",IF($E53="","",IF(TODAY()<$E53+330,"-",IF($D53="",SUMPRODUCT(('Picked Students (raw)'!$B$2:$B$824=$C53)*('Picked Students (raw)'!$C$2:$C$824<>"")*(('Picked Students (raw)'!$C$2:$C$824-$E53)<330)),SUMPRODUCT(('Picked Students (raw)'!$B$2:$B$824=$C53)*('Picked Students (raw)'!$D$2:$D$824=$D53)*('Picked Students (raw)'!$C$2:$C$824<>"")*(('Picked Students (raw)'!$C$2:$C$824-$E53)<330)))))) | AD53: =IF($A53="","",IF(AC53="-","-",IF($G53=0,0,AC53/$G53))) | AE53: =IF($A53="","",IF($E53="","",IF(TODAY()<$E53+360,"-",IF($D53="",SUMPRODUCT(('Picked Students (raw)'!$B$2:$B$824=$C53)*('Picked Students (raw)'!$C$2:$C$824<>"")*(('Picked Students (raw)'!$C$2:$C$824-$E53)<360)),SUMPRODUCT(('Picked Students (raw)'!$B$2:$B$824=$C53)*('Picked Students (raw)'!$D$2:$D$824=$D53)*('Picked Students (raw)'!$C$2:$C$824<>"")*(('Picked Students (raw)'!$C$2:$C$824-$E53)<360)))))) | AF53: =IF($A53="","",IF(AE53="-","-",IF($G53=0,0,AE53/$G53))) | AG53: =IF($A53="","",IF($E53="","",IF(TODAY()<$E53+390,"-",IF($D53="",SUMPRODUCT(('Picked Students (raw)'!$B$2:$B$824=$C53)*('Picked Students (raw)'!$C$2:$C$824<>"")*(('Picked Students (raw)'!$C$2:$C$824-$E53)<390)),SUMPRODUCT(('Picked Students (raw)'!$B$2:$B$824=$C53)*('Picked Students (raw)'!$D$2:$D$824=$D53)*('Picked Students (raw)'!$C$2:$C$824<>"")*(('Picked Students (raw)'!$C$2:$C$824-$E53)<390)))))) | AH53: =IF($A53="","",IF(AG53="-","-",IF($G53=0,0,AG53/$G53))) | AI53: =IF($A53="","",IF($E53="","",IF(TODAY()<$E53+420,"-",IF($D53="",SUMPRODUCT(('Picked Students (raw)'!$B$2:$B$824=$C53)*('Picked Students (raw)'!$C$2:$C$824<>"")*(('Picked Students (raw)'!$C$2:$C$824-$E53)<420)),SUMPRODUCT(('Picked Students (raw)'!$B$2:$B$824=$C53)*('Picked Students (raw)'!$D$2:$D$824=$D53)*('Picked Students (raw)'!$C$2:$C$824<>"")*(('Picked Students (raw)'!$C$2:$C$824-$E53)<420)))))) | AJ53: =IF($A53="","",IF(AI53="-","-",IF($G53=0,0,AI53/$G53))) | AK53: =IF($A53="","",IF($E53="","",IF(TODAY()<$E53+450,"-",IF($D53="",SUMPRODUCT(('Picked Students (raw)'!$B$2:$B$824=$C53)*('Picked Students (raw)'!$C$2:$C$824<>"")*(('Picked Students (raw)'!$C$2:$C$824-$E53)<450)),SUMPRODUCT(('Picked Students (raw)'!$B$2:$B$824=$C53)*('Picked Students (raw)'!$D$2:$D$824=$D53)*('Picked Students (raw)'!$C$2:$C$824<>"")*(('Picked Students (raw)'!$C$2:$C$824-$E53)<450)))))) | AL53: =IF($A53="","",IF(AK53="-","-",IF($G53=0,0,AK53/$G53))) | AM53: =IF($A53="","",IF($E53="","",IF(TODAY()<$E53+480,"-",IF($D53="",SUMPRODUCT(('Picked Students (raw)'!$B$2:$B$824=$C53)*('Picked Students (raw)'!$C$2:$C$824<>"")*(('Picked Students (raw)'!$C$2:$C$824-$E53)<480)),SUMPRODUCT(('Picked Students (raw)'!$B$2:$B$824=$C53)*('Picked Students (raw)'!$D$2:$D$824=$D53)*('Picked Students (raw)'!$C$2:$C$824<>"")*(('Picked Students (raw)'!$C$2:$C$824-$E53)<480)))))) | AN53: =IF($A53="","",IF(AM53="-","-",IF($G53=0,0,AM53/$G53))) | AO53: =IF($A53="","",IF($E53="","",IF(TODAY()<$E53+510,"-",IF($D53="",SUMPRODUCT(('Picked Students (raw)'!$B$2:$B$824=$C53)*('Picked Students (raw)'!$C$2:$C$824<>"")*(('Picked Students (raw)'!$C$2:$C$824-$E53)<510)),SUMPRODUCT(('Picked Students (raw)'!$B$2:$B$824=$C53)*('Picked Students (raw)'!$D$2:$D$824=$D53)*('Picked Students (raw)'!$C$2:$C$824<>"")*(('Picked Students (raw)'!$C$2:$C$824-$E53)<510)))))) | AP53: =IF($A53="","",IF(AO53="-","-",IF($G53=0,0,AO53/$G53))) | AQ53: =IF($A53="","",IF($E53="","",IF(TODAY()<$E53+540,"-",IF($D53="",SUMPRODUCT(('Picked Students (raw)'!$B$2:$B$824=$C53)*('Picked Students (raw)'!$C$2:$C$824<>"")*(('Picked Students (raw)'!$C$2:$C$824-$E53)<540)),SUMPRODUCT(('Picked Students (raw)'!$B$2:$B$824=$C53)*('Picked Students (raw)'!$D$2:$D$824=$D53)*('Picked Students (raw)'!$C$2:$C$824<>"")*(('Picked Students (raw)'!$C$2:$C$824-$E53)<540)))))) | AR53: =IF($A53="","",IF(AQ53="-","-",IF($G53=0,0,AQ53/$G53))) | AS53: =IF($A53="","",IF(AQ53="-","-",$H53-AQ53))
